customer_id,archetype,age_band,geography,product_type,emi_amount,emi_day,income_median,salary_day
C000000,gig_worker,35-45,Chennai,home,16854,5,90933,2
C000001,salaried_stable,55+,Hyderabad,credit_card,12635,5,84657,4
C000002,sme_owner,25-35,Chennai,personal,23211,5,38693,1
C000003,salaried_stressed,35-45,Chennai,home,28202,5,44262,5
C000004,salaried_stable,55+,Bengaluru,credit_card,14149,5,101435,3
C000005,pensioner,55+,Delhi,credit_card,31840,5,98300,3
C000006,gig_worker,35-45,Delhi,home,27360,5,96589,1
C000007,gig_worker,45-55,Hyderabad,personal,10832,5,48771,3
C000008,salaried_stable,25-35,Mumbai,personal,37852,5,91192,1
C000009,salaried_stable,25-35,Mumbai,home,6535,5,37315,5
C000010,salaried_stable,35-45,Bengaluru,home,27880,5,47296,4
C000011,pensioner,55+,Hyderabad,personal,20385,5,89840,3
C000012,salaried_stressed,45-55,Chennai,personal,27883,5,104034,5
C000013,sme_owner,35-45,Chennai,home,32090,5,108644,5
C000014,salaried_stable,35-45,Chennai,credit_card,29052,5,147833,1
C000015,salaried_stable,25-35,Mumbai,personal,27777,5,132497,1
C000016,salaried_stressed,35-45,Delhi,home,34430,5,75573,2
C000017,salaried_stable,25-35,Mumbai,personal,29565,5,123940,1
C000018,sme_owner,25-35,Hyderabad,personal,33480,5,41477,3
C000019,salaried_stressed,45-55,Hyderabad,home,19099,5,132868,3
C000020,gig_worker,25-35,Delhi,personal,12098,5,76397,3
C000021,salaried_stable,25-35,Delhi,personal,13223,5,121208,1
C000022,pensioner,45-55,Delhi,credit_card,26423,5,146475,5
C000023,sme_owner,35-45,Kolkata,personal,23612,5,114388,5
C000024,gig_worker,35-45,Bengaluru,personal,7700,5,140429,3
C000025,salaried_stable,25-35,Hyderabad,credit_card,12152,5,31216,1
C000026,salaried_stable,25-35,Bengaluru,home,38864,5,50466,2
C000027,salaried_stable,35-45,Hyderabad,personal,30418,5,105132,4
C000028,salaried_stable,45-55,Chennai,home,31424,5,94870,4
C000029,salaried_stressed,35-45,Delhi,home,11893,5,44457,2
C000030,gig_worker,45-55,Kolkata,personal,7247,5,116204,5
C000031,pensioner,45-55,Hyderabad,home,15194,5,37040,5
C000032,salaried_stable,35-45,Hyderabad,home,34990,5,148892,3
C000033,salaried_stable,35-45,Kolkata,personal,22729,5,48769,2
C000034,salaried_stable,35-45,Delhi,credit_card,32461,5,83456,3
C000035,salaried_stable,25-35,Mumbai,home,22034,5,128795,1
C000036,salaried_stable,45-55,Chennai,credit_card,22156,5,91684,3
C000037,salaried_stable,45-55,Delhi,personal,26029,5,119261,1
C000038,salaried_stable,35-45,Bengaluru,personal,38562,5,114437,1
C000039,salaried_stressed,35-45,Delhi,credit_card,20310,5,143852,3
C000040,salaried_stable,35-45,Bengaluru,credit_card,25851,5,85674,3
C000041,sme_owner,45-55,Bengaluru,personal,37181,5,147477,5
C000042,gig_worker,55+,Bengaluru,credit_card,18030,5,92011,3
C000043,salaried_stable,25-35,Hyderabad,personal,34397,5,137194,5
C000044,sme_owner,35-45,Chennai,home,23726,5,117916,5
C000045,gig_worker,25-35,Bengaluru,personal,35768,5,45951,2
C000046,salaried_stable,35-45,Mumbai,home,21373,5,107235,5
C000047,salaried_stable,25-35,Chennai,credit_card,27033,5,135405,3
C000048,salaried_stressed,35-45,Delhi,credit_card,16314,5,45405,3
C000049,salaried_stable,35-45,Delhi,credit_card,27225,5,130636,1
C000050,salaried_stable,35-45,Bengaluru,personal,16418,5,42652,2
C000051,salaried_stable,35-45,Mumbai,credit_card,26321,5,134530,3
C000052,gig_worker,55+,Bengaluru,home,32606,5,124669,2
C000053,salaried_stressed,55+,Delhi,home,20220,5,48202,3
C000054,gig_worker,25-35,Kolkata,credit_card,20023,5,117175,1
C000055,gig_worker,35-45,Kolkata,home,16273,5,44015,2
C000056,salaried_stable,55+,Mumbai,home,30566,5,98163,4
C000057,salaried_stressed,45-55,Chennai,home,25720,5,140857,4
C000058,salaried_stable,25-35,Chennai,home,23075,5,54715,5
C000059,salaried_stable,45-55,Bengaluru,credit_card,5893,5,50859,5
C000060,salaried_stressed,25-35,Bengaluru,home,8853,5,80745,5
C000061,salaried_stable,25-35,Hyderabad,home,5260,5,74234,1
C000062,salaried_stressed,45-55,Bengaluru,personal,34758,5,35816,4
C000063,gig_worker,45-55,Mumbai,home,34807,5,84718,2
C000064,salaried_stressed,55+,Bengaluru,credit_card,7377,5,61145,2
C000065,salaried_stressed,35-45,Delhi,home,6624,5,44933,2
C000066,salaried_stressed,55+,Bengaluru,personal,32350,5,63124,3
C000067,salaried_stable,35-45,Delhi,home,23367,5,32476,1
C000068,salaried_stable,45-55,Mumbai,credit_card,15812,5,139804,3
C000069,salaried_stable,25-35,Kolkata,personal,26524,5,149290,1
C000070,salaried_stable,25-35,Mumbai,personal,13276,5,74114,3
C000071,salaried_stable,55+,Hyderabad,home,11935,5,135198,4
C000072,sme_owner,55+,Hyderabad,home,17861,5,85361,1
C000073,salaried_stable,55+,Chennai,personal,36350,5,139480,1
C000074,salaried_stable,35-45,Kolkata,credit_card,31850,5,50775,5
C000075,salaried_stable,25-35,Mumbai,credit_card,11653,5,64147,4
C000076,salaried_stable,55+,Delhi,home,24660,5,118779,2
C000077,salaried_stressed,45-55,Delhi,home,35958,5,56412,5
C000078,salaried_stressed,25-35,Chennai,personal,38306,5,128824,2
C000079,gig_worker,55+,Chennai,credit_card,31704,5,81103,5
C000080,salaried_stressed,55+,Kolkata,credit_card,9510,5,78467,1
C000081,salaried_stable,35-45,Bengaluru,home,13426,5,84398,4
C000082,gig_worker,55+,Delhi,home,12651,5,125743,1
C000083,salaried_stable,55+,Kolkata,credit_card,10276,5,30671,1
C000084,salaried_stable,45-55,Hyderabad,credit_card,11136,5,120082,3
C000085,salaried_stable,45-55,Hyderabad,personal,16068,5,123510,1
C000086,gig_worker,35-45,Bengaluru,credit_card,24442,5,128537,3
C000087,salaried_stable,55+,Bengaluru,credit_card,18928,5,149600,2
C000088,salaried_stable,55+,Bengaluru,credit_card,19728,5,123871,1
C000089,salaried_stressed,55+,Hyderabad,home,13602,5,93442,5
C000090,salaried_stable,45-55,Delhi,home,10286,5,85933,5
C000091,salaried_stressed,25-35,Kolkata,personal,39961,5,76591,5
C000092,salaried_stable,35-45,Delhi,home,25964,5,129258,1
C000093,salaried_stable,35-45,Bengaluru,personal,13037,5,77130,2
C000094,salaried_stable,55+,Delhi,home,33349,5,98717,2
C000095,salaried_stressed,45-55,Chennai,personal,34072,5,41529,2
C000096,salaried_stable,45-55,Hyderabad,home,38837,5,68078,3
C000097,salaried_stable,25-35,Kolkata,home,10569,5,61939,3
C000098,salaried_stable,55+,Hyderabad,personal,27398,5,82202,3
C000099,pensioner,35-45,Delhi,credit_card,39308,5,90255,2
C000100,pensioner,25-35,Delhi,home,33233,5,115979,5
C000101,salaried_stressed,55+,Kolkata,credit_card,12893,5,81821,5
C000102,salaried_stable,25-35,Bengaluru,personal,36256,5,48040,2
C000103,pensioner,25-35,Mumbai,credit_card,19759,5,95404,2
C000104,gig_worker,25-35,Hyderabad,personal,22112,5,36562,3
C000105,gig_worker,35-45,Chennai,home,24549,5,131887,2
C000106,salaried_stable,25-35,Mumbai,home,31998,5,122467,5
C000107,salaried_stable,55+,Hyderabad,home,9210,5,57029,3
C000108,salaried_stable,45-55,Chennai,home,23873,5,61588,1
C000109,pensioner,35-45,Chennai,credit_card,33588,5,33319,1
C000110,salaried_stable,25-35,Kolkata,personal,24197,5,73729,1
C000111,salaried_stable,35-45,Bengaluru,credit_card,14613,5,34587,2
C000112,salaried_stable,25-35,Bengaluru,personal,6969,5,142361,2
C000113,salaried_stressed,55+,Chennai,personal,24224,5,46100,5
C000114,salaried_stable,35-45,Delhi,personal,29617,5,109124,5
C000115,sme_owner,35-45,Mumbai,credit_card,24237,5,98457,1
C000116,gig_worker,25-35,Kolkata,personal,39277,5,58423,5
C000117,gig_worker,25-35,Delhi,home,26092,5,126982,3
C000118,salaried_stable,25-35,Chennai,home,22788,5,43064,2
C000119,salaried_stressed,25-35,Delhi,credit_card,6942,5,136416,3
C000120,salaried_stressed,45-55,Delhi,home,24550,5,118841,3
C000121,salaried_stressed,55+,Chennai,credit_card,10901,5,106213,1
C000122,salaried_stable,55+,Hyderabad,credit_card,30365,5,135559,5
C000123,salaried_stable,35-45,Bengaluru,credit_card,10641,5,78377,1
C000124,salaried_stable,55+,Mumbai,credit_card,36734,5,63796,1
C000125,salaried_stable,45-55,Delhi,personal,15571,5,48541,2
C000126,salaried_stable,25-35,Mumbai,home,20189,5,140924,1
C000127,salaried_stable,25-35,Kolkata,home,10071,5,78170,1
C000128,salaried_stable,45-55,Delhi,personal,12374,5,129526,2
C000129,salaried_stressed,35-45,Bengaluru,personal,37267,5,69889,2
C000130,salaried_stable,25-35,Mumbai,personal,14929,5,144599,1
C000131,pensioner,55+,Bengaluru,credit_card,22953,5,134403,5
C000132,salaried_stressed,45-55,Kolkata,home,39348,5,66964,5
C000133,salaried_stable,45-55,Bengaluru,personal,26825,5,88406,4
C000134,salaried_stressed,55+,Chennai,credit_card,6457,5,125278,3
C000135,salaried_stable,55+,Delhi,credit_card,17512,5,57143,5
C000136,pensioner,55+,Mumbai,credit_card,18539,5,32842,2
C000137,salaried_stable,35-45,Hyderabad,credit_card,14668,5,64656,3
C000138,gig_worker,55+,Mumbai,credit_card,13441,5,100870,1
C000139,salaried_stable,45-55,Bengaluru,personal,22611,5,46376,4
C000140,salaried_stable,45-55,Delhi,credit_card,18196,5,70007,1
C000141,salaried_stable,55+,Mumbai,home,15301,5,140230,4
C000142,pensioner,25-35,Chennai,home,19454,5,39009,4
C000143,salaried_stressed,35-45,Kolkata,home,17027,5,36041,2
C000144,salaried_stable,25-35,Mumbai,home,13005,5,80862,4
C000145,salaried_stable,35-45,Hyderabad,home,20846,5,31541,2
C000146,salaried_stable,35-45,Chennai,credit_card,37980,5,33338,2
C000147,salaried_stressed,55+,Hyderabad,personal,22700,5,51958,3
C000148,salaried_stable,55+,Mumbai,personal,25914,5,42270,2
C000149,salaried_stable,35-45,Kolkata,personal,39450,5,127304,4
C000150,sme_owner,35-45,Mumbai,credit_card,26476,5,44724,2
C000151,sme_owner,45-55,Kolkata,home,12816,5,92816,3
C000152,salaried_stable,55+,Chennai,home,18946,5,114634,5
C000153,salaried_stressed,55+,Bengaluru,home,22079,5,105101,2
C000154,salaried_stable,25-35,Mumbai,home,21617,5,108464,3
C000155,salaried_stressed,25-35,Chennai,home,10232,5,72927,5
C000156,salaried_stable,45-55,Mumbai,personal,8704,5,136661,2
C000157,salaried_stressed,35-45,Chennai,personal,17249,5,38241,1
C000158,gig_worker,25-35,Hyderabad,credit_card,36999,5,42877,2
C000159,gig_worker,25-35,Delhi,home,30105,5,132738,5
C000160,salaried_stable,35-45,Delhi,personal,34460,5,38201,4
C000161,pensioner,35-45,Delhi,home,11106,5,53027,5
C000162,salaried_stable,45-55,Delhi,home,19499,5,50780,2
C000163,salaried_stable,25-35,Mumbai,personal,25347,5,33967,5
C000164,salaried_stressed,45-55,Delhi,personal,20201,5,44040,2
C000165,salaried_stable,45-55,Chennai,credit_card,19584,5,98724,4
C000166,sme_owner,35-45,Delhi,personal,17592,5,109343,5
C000167,gig_worker,25-35,Hyderabad,personal,6805,5,39994,2
C000168,salaried_stable,45-55,Hyderabad,home,35002,5,143086,5
C000169,pensioner,45-55,Hyderabad,home,37657,5,41491,4
C000170,salaried_stable,35-45,Chennai,credit_card,7829,5,112440,4
C000171,salaried_stressed,35-45,Delhi,credit_card,19476,5,126045,4
C000172,salaried_stable,45-55,Kolkata,personal,23124,5,92493,1
C000173,pensioner,35-45,Delhi,home,32437,5,88993,4
C000174,salaried_stable,35-45,Bengaluru,personal,39536,5,43086,2
C000175,salaried_stable,35-45,Bengaluru,home,19570,5,58981,2
C000176,salaried_stable,35-45,Hyderabad,personal,31212,5,132070,1
C000177,pensioner,45-55,Chennai,personal,37807,5,71835,1
C000178,sme_owner,35-45,Hyderabad,credit_card,34060,5,34133,5
C000179,gig_worker,35-45,Kolkata,personal,15166,5,117508,2
C000180,sme_owner,45-55,Bengaluru,home,33612,5,112038,2
C000181,sme_owner,35-45,Kolkata,personal,19428,5,37962,3
C000182,salaried_stressed,25-35,Delhi,credit_card,5613,5,36128,4
C000183,salaried_stable,55+,Kolkata,credit_card,31560,5,43977,3
C000184,gig_worker,25-35,Delhi,home,34239,5,36108,3
C000185,salaried_stressed,45-55,Kolkata,credit_card,17028,5,103951,5
C000186,salaried_stable,35-45,Bengaluru,home,20782,5,45914,3
C000187,salaried_stable,25-35,Kolkata,personal,17752,5,102836,4
C000188,gig_worker,25-35,Mumbai,personal,9095,5,51136,5
C000189,salaried_stable,55+,Bengaluru,personal,39818,5,146695,4
C000190,pensioner,35-45,Kolkata,personal,5791,5,117110,1
C000191,salaried_stable,35-45,Mumbai,personal,24446,5,74945,2
C000192,salaried_stable,45-55,Delhi,personal,5522,5,81445,4
C000193,sme_owner,25-35,Mumbai,home,29128,5,37809,3
C000194,salaried_stable,45-55,Delhi,personal,36529,5,36585,2
C000195,salaried_stable,35-45,Bengaluru,home,27521,5,94504,2
C000196,salaried_stressed,45-55,Chennai,home,26215,5,32730,1
C000197,sme_owner,25-35,Delhi,credit_card,33977,5,106601,2
C000198,salaried_stable,55+,Mumbai,home,39098,5,75892,4
C000199,salaried_stable,25-35,Delhi,credit_card,35163,5,46752,1
C000200,gig_worker,45-55,Kolkata,home,13099,5,94282,5
C000201,pensioner,45-55,Kolkata,personal,24713,5,96343,2
C000202,salaried_stressed,35-45,Delhi,home,33658,5,119556,5
C000203,salaried_stable,25-35,Delhi,home,15309,5,53732,2
C000204,salaried_stable,35-45,Mumbai,home,28631,5,95685,5
C000205,salaried_stable,55+,Kolkata,home,5798,5,131367,3
C000206,salaried_stable,55+,Hyderabad,home,35706,5,62398,5
C000207,salaried_stressed,55+,Hyderabad,personal,26504,5,130219,1
C000208,salaried_stable,25-35,Delhi,personal,31008,5,116802,4
C000209,salaried_stressed,45-55,Chennai,credit_card,33891,5,81555,2
C000210,salaried_stressed,25-35,Mumbai,credit_card,12657,5,135982,2
C000211,salaried_stressed,45-55,Hyderabad,personal,20768,5,146009,1
C000212,salaried_stable,35-45,Chennai,credit_card,35052,5,58422,5
C000213,gig_worker,45-55,Delhi,credit_card,10764,5,147572,4
C000214,gig_worker,45-55,Hyderabad,personal,33786,5,30289,5
C000215,gig_worker,55+,Chennai,credit_card,15082,5,45510,3
C000216,salaried_stable,35-45,Bengaluru,home,25142,5,35181,1
C000217,salaried_stable,35-45,Delhi,credit_card,22849,5,74125,2
C000218,pensioner,45-55,Mumbai,home,29027,5,142437,3
C000219,salaried_stable,25-35,Kolkata,home,34283,5,102038,1
C000220,salaried_stable,25-35,Delhi,personal,17214,5,103989,5
C000221,salaried_stable,45-55,Delhi,personal,11011,5,40180,5
C000222,salaried_stressed,55+,Hyderabad,home,19798,5,91934,3
C000223,pensioner,45-55,Delhi,credit_card,26425,5,75918,3
C000224,salaried_stable,55+,Bengaluru,credit_card,31265,5,87530,4
C000225,pensioner,25-35,Hyderabad,credit_card,31367,5,61340,4
C000226,salaried_stable,35-45,Chennai,home,16898,5,54188,1
C000227,salaried_stressed,45-55,Chennai,home,37761,5,144246,3
C000228,salaried_stressed,35-45,Mumbai,home,7910,5,97009,4
C000229,salaried_stable,25-35,Bengaluru,credit_card,9084,5,79390,5
C000230,salaried_stable,25-35,Bengaluru,personal,5866,5,38857,3
C000231,salaried_stable,55+,Chennai,personal,37423,5,121520,5
C000232,pensioner,45-55,Mumbai,credit_card,11304,5,86709,3
C000233,salaried_stressed,35-45,Mumbai,home,26051,5,76404,2
C000234,pensioner,35-45,Hyderabad,home,33453,5,110033,3
C000235,gig_worker,25-35,Hyderabad,credit_card,31834,5,45817,4
C000236,salaried_stable,55+,Hyderabad,credit_card,38209,5,93983,5
C000237,gig_worker,25-35,Delhi,personal,6882,5,133578,2
C000238,salaried_stable,55+,Kolkata,home,19247,5,85677,2
C000239,salaried_stable,25-35,Delhi,home,22715,5,30050,4
C000240,sme_owner,35-45,Chennai,credit_card,29365,5,57590,4
C000241,gig_worker,35-45,Mumbai,credit_card,26792,5,36712,2
C000242,salaried_stable,55+,Kolkata,home,24598,5,90022,4
C000243,salaried_stressed,25-35,Delhi,credit_card,15739,5,73726,1
C000244,salaried_stressed,35-45,Hyderabad,home,8726,5,45891,2
C000245,sme_owner,35-45,Delhi,credit_card,20107,5,112427,5
C000246,salaried_stressed,35-45,Hyderabad,home,14088,5,51193,3
C000247,salaried_stable,25-35,Bengaluru,home,24400,5,71004,5
C000248,salaried_stable,55+,Mumbai,home,32899,5,148524,2
C000249,salaried_stable,35-45,Delhi,credit_card,24339,5,37957,2
C000250,salaried_stressed,35-45,Hyderabad,home,25406,5,59724,5
C000251,sme_owner,35-45,Delhi,personal,6465,5,68140,5
C000252,salaried_stable,55+,Delhi,personal,27562,5,91048,5
C000253,salaried_stable,35-45,Chennai,home,20381,5,59397,2
C000254,salaried_stable,35-45,Delhi,credit_card,9329,5,146403,5
C000255,gig_worker,35-45,Mumbai,home,12483,5,30650,3
C000256,gig_worker,35-45,Chennai,home,32326,5,143766,5
C000257,salaried_stable,25-35,Hyderabad,credit_card,37084,5,94176,5
C000258,salaried_stable,45-55,Hyderabad,home,22770,5,34594,3
C000259,salaried_stressed,25-35,Kolkata,credit_card,39180,5,43997,2
C000260,salaried_stable,25-35,Mumbai,home,11301,5,42366,5
C000261,sme_owner,25-35,Bengaluru,credit_card,15487,5,64499,3
C000262,salaried_stable,35-45,Delhi,credit_card,37552,5,69967,3
C000263,salaried_stable,55+,Kolkata,home,11131,5,106942,4
C000264,pensioner,45-55,Chennai,personal,28078,5,67344,5
C000265,salaried_stable,55+,Mumbai,home,12682,5,117013,1
C000266,salaried_stable,35-45,Hyderabad,personal,16591,5,65255,5
C000267,salaried_stable,55+,Mumbai,home,21721,5,61614,3
C000268,salaried_stable,25-35,Delhi,personal,17599,5,63043,1
C000269,salaried_stable,45-55,Hyderabad,home,35607,5,69503,2
C000270,salaried_stable,55+,Chennai,home,39047,5,130528,3
C000271,salaried_stable,45-55,Hyderabad,personal,22501,5,59629,4
C000272,salaried_stable,55+,Chennai,personal,23382,5,62791,3
C000273,salaried_stressed,35-45,Kolkata,home,6938,5,144826,1
C000274,salaried_stressed,25-35,Chennai,personal,13197,5,108449,3
C000275,salaried_stable,55+,Mumbai,credit_card,6395,5,52862,2
C000276,salaried_stable,25-35,Mumbai,credit_card,34982,5,134181,2
C000277,salaried_stressed,55+,Hyderabad,credit_card,12958,5,51981,4
C000278,sme_owner,45-55,Mumbai,personal,16922,5,49453,5
C000279,sme_owner,55+,Bengaluru,credit_card,34496,5,83404,1
C000280,salaried_stable,35-45,Mumbai,home,29965,5,112952,4
C000281,salaried_stable,55+,Delhi,home,26751,5,52716,3
C000282,salaried_stable,25-35,Chennai,personal,6346,5,120399,2
C000283,salaried_stable,35-45,Delhi,home,24703,5,48805,4
C000284,salaried_stressed,25-35,Bengaluru,credit_card,24631,5,123811,2
C000285,salaried_stable,55+,Kolkata,personal,16163,5,41505,4
C000286,salaried_stable,45-55,Mumbai,personal,31072,5,85732,3
C000287,salaried_stable,55+,Mumbai,home,37529,5,106820,1
C000288,salaried_stressed,55+,Delhi,home,14066,5,61869,4
C000289,salaried_stable,35-45,Hyderabad,home,16591,5,103449,5
C000290,sme_owner,25-35,Bengaluru,home,16281,5,112637,3
C000291,salaried_stable,55+,Chennai,personal,34223,5,108019,4
C000292,pensioner,35-45,Mumbai,personal,7721,5,77627,1
C000293,salaried_stable,25-35,Hyderabad,personal,36356,5,122796,2
C000294,sme_owner,55+,Mumbai,personal,32126,5,117799,2
C000295,pensioner,55+,Hyderabad,credit_card,21916,5,69162,4
C000296,pensioner,35-45,Mumbai,credit_card,25423,5,118010,2
C000297,gig_worker,55+,Kolkata,home,36300,5,140210,4
C000298,gig_worker,25-35,Delhi,personal,31944,5,128004,2
C000299,salaried_stressed,25-35,Delhi,home,14688,5,117984,4
C000300,gig_worker,35-45,Bengaluru,credit_card,6764,5,121982,2
C000301,salaried_stable,45-55,Mumbai,personal,28045,5,126565,3
C000302,salaried_stressed,25-35,Mumbai,home,10103,5,64694,1
C000303,salaried_stressed,25-35,Chennai,home,8078,5,116515,4
C000304,sme_owner,45-55,Delhi,personal,39380,5,53930,1
C000305,salaried_stable,55+,Bengaluru,home,21587,5,73014,5
C000306,salaried_stable,45-55,Hyderabad,home,27779,5,142143,5
C000307,salaried_stressed,55+,Mumbai,home,12606,5,63963,3
C000308,salaried_stable,55+,Bengaluru,credit_card,8559,5,131234,5
C000309,salaried_stable,45-55,Delhi,home,7196,5,80702,5
C000310,salaried_stable,45-55,Bengaluru,personal,17402,5,55183,1
C000311,salaried_stable,55+,Delhi,personal,5130,5,41643,4
C000312,salaried_stable,35-45,Mumbai,home,19701,5,95786,2
C000313,salaried_stable,25-35,Mumbai,credit_card,16366,5,84153,5
C000314,salaried_stable,55+,Kolkata,personal,23439,5,91361,5
C000315,salaried_stable,35-45,Mumbai,personal,25633,5,35176,5
C000316,salaried_stable,55+,Hyderabad,credit_card,15795,5,62174,3
C000317,salaried_stressed,35-45,Kolkata,home,20933,5,30473,1
C000318,salaried_stable,55+,Bengaluru,personal,7733,5,66298,1
C000319,pensioner,25-35,Delhi,personal,15561,5,141779,1
C000320,pensioner,45-55,Hyderabad,home,39236,5,48277,5
C000321,salaried_stable,35-45,Kolkata,home,39692,5,112720,3
C000322,salaried_stable,35-45,Mumbai,home,22003,5,30693,2
C000323,salaried_stressed,35-45,Kolkata,personal,37883,5,97421,3
C000324,sme_owner,55+,Kolkata,home,22545,5,140512,1
C000325,salaried_stressed,35-45,Mumbai,credit_card,9397,5,70932,3
C000326,gig_worker,55+,Mumbai,personal,35376,5,53659,3
C000327,salaried_stressed,35-45,Hyderabad,home,19528,5,98464,4
C000328,salaried_stressed,25-35,Mumbai,personal,26435,5,63473,1
C000329,salaried_stable,55+,Chennai,home,27709,5,136989,5
C000330,gig_worker,25-35,Mumbai,personal,15781,5,131879,1
C000331,salaried_stable,35-45,Hyderabad,personal,30672,5,108285,3
C000332,salaried_stressed,55+,Delhi,credit_card,22545,5,106684,2
C000333,sme_owner,55+,Mumbai,personal,17823,5,102297,4
C000334,salaried_stable,55+,Mumbai,credit_card,15427,5,118235,4
C000335,salaried_stressed,35-45,Delhi,home,31119,5,85224,1
C000336,salaried_stable,55+,Chennai,home,13726,5,146369,3
C000337,gig_worker,35-45,Mumbai,home,9345,5,71483,3
C000338,salaried_stable,45-55,Hyderabad,home,35861,5,31072,3
C000339,pensioner,45-55,Chennai,home,16613,5,113825,1
C000340,salaried_stable,25-35,Delhi,credit_card,27436,5,109467,1
C000341,pensioner,35-45,Kolkata,credit_card,30075,5,147717,3
C000342,gig_worker,35-45,Chennai,personal,34341,5,77439,2
C000343,salaried_stressed,35-45,Hyderabad,credit_card,26898,5,80970,3
C000344,gig_worker,35-45,Delhi,personal,29777,5,97440,1
C000345,gig_worker,45-55,Hyderabad,credit_card,34302,5,77064,4
C000346,pensioner,25-35,Chennai,personal,38017,5,124182,1
C000347,salaried_stable,25-35,Kolkata,personal,6639,5,81373,4
C000348,salaried_stressed,55+,Bengaluru,credit_card,31013,5,124034,5
C000349,salaried_stable,35-45,Hyderabad,credit_card,11103,5,81065,2
C000350,salaried_stressed,45-55,Bengaluru,personal,36194,5,57011,1
C000351,salaried_stable,45-55,Mumbai,home,6697,5,148874,1
C000352,salaried_stressed,45-55,Mumbai,home,13637,5,93178,2
C000353,salaried_stressed,35-45,Kolkata,home,11723,5,114813,1
C000354,salaried_stable,35-45,Hyderabad,home,26119,5,100951,5
C000355,salaried_stressed,55+,Bengaluru,credit_card,5149,5,73102,5
C000356,gig_worker,55+,Hyderabad,credit_card,5595,5,146656,5
C000357,gig_worker,35-45,Mumbai,home,22647,5,74580,5
C000358,salaried_stable,45-55,Mumbai,credit_card,39008,5,149171,3
C000359,salaried_stressed,55+,Chennai,credit_card,23491,5,81695,2
C000360,pensioner,25-35,Chennai,personal,20607,5,32717,3
C000361,salaried_stable,55+,Kolkata,credit_card,28026,5,34405,2
C000362,salaried_stable,35-45,Hyderabad,credit_card,24313,5,146838,5
C000363,salaried_stable,55+,Delhi,personal,18471,5,93337,3
C000364,salaried_stressed,45-55,Hyderabad,credit_card,25599,5,76516,2
C000365,salaried_stable,55+,Bengaluru,credit_card,5112,5,127365,4
C000366,gig_worker,25-35,Hyderabad,home,13557,5,104057,2
C000367,salaried_stressed,25-35,Delhi,home,28586,5,109268,2
C000368,salaried_stable,55+,Mumbai,home,16954,5,112253,2
C000369,sme_owner,45-55,Mumbai,credit_card,6900,5,53810,1
C000370,gig_worker,45-55,Kolkata,credit_card,9355,5,40592,1
C000371,salaried_stable,25-35,Mumbai,credit_card,35315,5,117364,3
C000372,salaried_stable,25-35,Kolkata,home,16535,5,32617,5
C000373,salaried_stable,55+,Hyderabad,personal,5792,5,116335,2
C000374,salaried_stable,35-45,Mumbai,credit_card,30508,5,45592,4
C000375,salaried_stable,45-55,Kolkata,personal,23566,5,61504,2
C000376,pensioner,35-45,Mumbai,personal,20798,5,114931,2
C000377,salaried_stable,35-45,Mumbai,personal,36322,5,104744,1
C000378,salaried_stable,25-35,Chennai,credit_card,15980,5,123784,3
C000379,gig_worker,55+,Delhi,home,25037,5,103313,4
C000380,salaried_stressed,55+,Delhi,personal,31071,5,35741,2
C000381,pensioner,25-35,Delhi,personal,26294,5,130774,3
C000382,gig_worker,35-45,Chennai,home,12279,5,55889,3
C000383,salaried_stable,45-55,Mumbai,credit_card,28856,5,46328,2
C000384,salaried_stable,35-45,Delhi,credit_card,31018,5,135424,4
C000385,pensioner,45-55,Chennai,home,9284,5,53380,3
C000386,gig_worker,35-45,Bengaluru,home,10790,5,94328,1
C000387,pensioner,25-35,Hyderabad,credit_card,28622,5,88316,3
C000388,salaried_stable,35-45,Delhi,credit_card,9164,5,122341,2
C000389,sme_owner,45-55,Chennai,personal,35812,5,35297,4
C000390,salaried_stressed,25-35,Hyderabad,credit_card,8834,5,42802,2
C000391,salaried_stable,55+,Bengaluru,home,39097,5,79871,5
C000392,salaried_stressed,25-35,Delhi,credit_card,28502,5,86791,4
C000393,salaried_stressed,25-35,Chennai,personal,20506,5,124586,1
C000394,salaried_stable,45-55,Chennai,personal,14393,5,102687,3
C000395,salaried_stable,45-55,Mumbai,credit_card,17057,5,47845,5
C000396,sme_owner,35-45,Chennai,credit_card,31197,5,147465,2
C000397,salaried_stable,35-45,Mumbai,personal,31365,5,85193,4
C000398,salaried_stable,25-35,Chennai,credit_card,12303,5,145750,4
C000399,salaried_stable,45-55,Kolkata,personal,24000,5,148772,4
C000400,salaried_stable,35-45,Chennai,credit_card,39752,5,36200,1
C000401,pensioner,25-35,Hyderabad,personal,14005,5,90710,2
C000402,gig_worker,35-45,Delhi,personal,29269,5,80644,2
C000403,salaried_stable,55+,Kolkata,credit_card,11025,5,89798,2
C000404,pensioner,35-45,Hyderabad,credit_card,34192,5,67192,5
C000405,sme_owner,55+,Kolkata,personal,10958,5,97055,1
C000406,salaried_stable,35-45,Hyderabad,personal,15416,5,89063,3
C000407,sme_owner,25-35,Chennai,home,21071,5,52320,5
C000408,salaried_stable,35-45,Chennai,personal,17972,5,64621,5
C000409,pensioner,35-45,Kolkata,credit_card,10954,5,47659,4
C000410,salaried_stressed,25-35,Kolkata,credit_card,27434,5,131232,5
C000411,salaried_stressed,45-55,Bengaluru,credit_card,5690,5,111282,3
C000412,salaried_stable,35-45,Mumbai,personal,39423,5,76503,4
C000413,sme_owner,45-55,Mumbai,personal,6823,5,77492,3
C000414,salaried_stable,35-45,Delhi,credit_card,16685,5,39491,1
C000415,salaried_stable,35-45,Mumbai,personal,37545,5,64788,1
C000416,salaried_stable,35-45,Delhi,home,10427,5,140930,5
C000417,gig_worker,25-35,Mumbai,home,7553,5,33766,1
C000418,salaried_stable,45-55,Kolkata,credit_card,31037,5,47534,2
C000419,pensioner,25-35,Mumbai,personal,7561,5,131526,4
C000420,salaried_stressed,45-55,Chennai,credit_card,36485,5,92439,3
C000421,salaried_stable,55+,Bengaluru,credit_card,20791,5,33879,3
C000422,salaried_stable,55+,Delhi,personal,35426,5,88772,5
C000423,salaried_stable,35-45,Hyderabad,home,13578,5,119997,4
C000424,salaried_stressed,35-45,Kolkata,personal,9939,5,71408,5
C000425,gig_worker,55+,Hyderabad,home,38694,5,75838,4
C000426,salaried_stable,35-45,Kolkata,personal,31676,5,105758,5
C000427,sme_owner,35-45,Chennai,personal,36884,5,101842,4
C000428,salaried_stable,55+,Hyderabad,home,16196,5,138349,3
C000429,gig_worker,55+,Mumbai,home,19166,5,59721,5
C000430,pensioner,55+,Kolkata,personal,25202,5,63128,5
C000431,gig_worker,25-35,Hyderabad,personal,20705,5,48647,1
C000432,salaried_stressed,55+,Delhi,personal,13493,5,109790,5
C000433,sme_owner,25-35,Bengaluru,credit_card,18128,5,94006,4
C000434,salaried_stable,45-55,Chennai,home,26306,5,71634,5
C000435,salaried_stable,55+,Mumbai,personal,6325,5,113474,4
C000436,salaried_stable,45-55,Hyderabad,personal,16758,5,75202,5
C000437,salaried_stressed,55+,Delhi,credit_card,15249,5,53459,2
C000438,gig_worker,35-45,Mumbai,personal,7461,5,94781,1
C000439,salaried_stressed,35-45,Delhi,credit_card,9293,5,82363,1
C000440,sme_owner,35-45,Kolkata,home,22348,5,78647,2
C000441,salaried_stable,35-45,Delhi,personal,8582,5,83358,2
C000442,gig_worker,45-55,Chennai,personal,17071,5,139704,3
C000443,salaried_stable,35-45,Hyderabad,personal,24630,5,55917,1
C000444,salaried_stable,45-55,Mumbai,credit_card,35584,5,63097,1
C000445,gig_worker,35-45,Hyderabad,home,8456,5,97805,3
C000446,pensioner,35-45,Delhi,home,20212,5,35604,4
C000447,salaried_stressed,25-35,Hyderabad,personal,8602,5,47512,1
C000448,salaried_stable,45-55,Delhi,credit_card,20000,5,97960,3
C000449,salaried_stressed,55+,Mumbai,personal,21817,5,91169,4
C000450,salaried_stable,55+,Hyderabad,home,32974,5,108338,4
C000451,sme_owner,35-45,Hyderabad,credit_card,20479,5,43611,1
C000452,gig_worker,35-45,Kolkata,credit_card,37742,5,132465,4
C000453,salaried_stable,45-55,Hyderabad,home,9817,5,88265,1
C000454,salaried_stable,45-55,Bengaluru,credit_card,6860,5,48603,2
C000455,salaried_stable,25-35,Delhi,personal,5155,5,67391,2
C000456,pensioner,45-55,Delhi,credit_card,17486,5,57294,5
C000457,salaried_stable,25-35,Chennai,home,11754,5,84269,1
C000458,gig_worker,25-35,Bengaluru,home,8205,5,86325,4
C000459,salaried_stressed,45-55,Bengaluru,personal,13256,5,82049,5
C000460,salaried_stressed,25-35,Delhi,credit_card,39124,5,85320,5
C000461,salaried_stable,35-45,Bengaluru,credit_card,33008,5,138951,2
C000462,pensioner,45-55,Delhi,credit_card,5650,5,145097,1
C000463,salaried_stable,45-55,Mumbai,personal,37040,5,88792,2
C000464,salaried_stressed,35-45,Mumbai,home,12183,5,145562,4
C000465,salaried_stressed,25-35,Chennai,credit_card,19208,5,128219,1
C000466,salaried_stressed,55+,Bengaluru,home,16467,5,128395,4
C000467,pensioner,55+,Mumbai,credit_card,19175,5,57078,2
C000468,salaried_stable,55+,Chennai,credit_card,31625,5,82611,4
C000469,salaried_stressed,45-55,Mumbai,personal,29936,5,72249,4
C000470,salaried_stable,35-45,Mumbai,home,25791,5,41574,3
C000471,salaried_stable,55+,Mumbai,personal,26942,5,39010,4
C000472,salaried_stable,35-45,Bengaluru,home,30463,5,104692,5
C000473,salaried_stable,25-35,Kolkata,home,11444,5,80489,2
C000474,salaried_stable,55+,Delhi,credit_card,18848,5,129086,3
C000475,salaried_stable,35-45,Delhi,credit_card,8769,5,110243,4
C000476,salaried_stable,55+,Delhi,home,29646,5,40220,5
C000477,salaried_stressed,35-45,Bengaluru,home,20316,5,130580,3
C000478,salaried_stressed,55+,Hyderabad,home,27304,5,89531,2
C000479,salaried_stable,45-55,Delhi,home,24768,5,97909,5
C000480,salaried_stable,35-45,Chennai,home,14577,5,145882,5
C000481,salaried_stable,35-45,Kolkata,credit_card,9854,5,106808,3
C000482,salaried_stressed,55+,Kolkata,credit_card,39052,5,32674,1
C000483,salaried_stable,25-35,Chennai,credit_card,15264,5,51272,2
C000484,salaried_stable,35-45,Hyderabad,personal,8834,5,81161,3
C000485,salaried_stable,35-45,Kolkata,home,15708,5,34464,4
C000486,salaried_stable,45-55,Hyderabad,home,36584,5,50096,4
C000487,salaried_stable,35-45,Delhi,home,14145,5,125002,5
C000488,salaried_stressed,45-55,Mumbai,home,39537,5,47134,1
C000489,salaried_stressed,35-45,Mumbai,credit_card,21126,5,50044,3
C000490,gig_worker,25-35,Kolkata,home,35163,5,90561,4
C000491,salaried_stressed,25-35,Chennai,personal,27857,5,40940,5
C000492,salaried_stressed,45-55,Delhi,home,6537,5,60682,1
C000493,salaried_stable,35-45,Bengaluru,credit_card,22828,5,142507,5
C000494,gig_worker,35-45,Delhi,personal,19592,5,105776,1
C000495,salaried_stressed,45-55,Hyderabad,personal,12050,5,145622,1
C000496,salaried_stable,35-45,Chennai,credit_card,24249,5,72510,5
C000497,salaried_stressed,35-45,Kolkata,personal,8602,5,103950,4
C000498,salaried_stable,25-35,Delhi,home,29440,5,58627,5
C000499,salaried_stressed,35-45,Bengaluru,credit_card,33765,5,75436,4
C000500,gig_worker,45-55,Mumbai,personal,8239,5,50958,4
C000501,sme_owner,45-55,Kolkata,home,21775,5,129988,3
C000502,pensioner,55+,Chennai,personal,27929,5,52085,3
C000503,salaried_stressed,55+,Chennai,personal,7174,5,54566,3
C000504,salaried_stressed,25-35,Bengaluru,personal,18626,5,85656,2
C000505,gig_worker,35-45,Delhi,personal,14034,5,81527,5
C000506,salaried_stable,35-45,Kolkata,home,6373,5,67660,2
C000507,sme_owner,45-55,Bengaluru,home,33141,5,72842,4
C000508,salaried_stable,35-45,Hyderabad,personal,20563,5,65403,4
C000509,salaried_stable,55+,Mumbai,credit_card,31310,5,139523,3
C000510,salaried_stable,35-45,Delhi,credit_card,25547,5,99644,4
C000511,sme_owner,45-55,Hyderabad,personal,35653,5,140373,1
C000512,salaried_stable,25-35,Mumbai,credit_card,39895,5,148417,2
C000513,salaried_stable,55+,Mumbai,personal,26073,5,108106,3
C000514,salaried_stable,55+,Hyderabad,home,17325,5,129079,2
C000515,salaried_stable,55+,Delhi,home,19801,5,43288,5
C000516,salaried_stable,35-45,Delhi,home,33889,5,143929,5
C000517,gig_worker,25-35,Chennai,credit_card,19932,5,87863,4
C000518,salaried_stable,45-55,Delhi,credit_card,23190,5,115612,2
C000519,sme_owner,35-45,Mumbai,personal,11790,5,59439,1
C000520,sme_owner,55+,Mumbai,home,39652,5,41460,4
C000521,salaried_stable,45-55,Mumbai,credit_card,27777,5,136189,5
C000522,salaried_stable,45-55,Mumbai,credit_card,16557,5,83933,3
C000523,salaried_stressed,55+,Hyderabad,credit_card,25477,5,46608,5
C000524,salaried_stable,55+,Delhi,home,19039,5,109017,5
C000525,salaried_stable,35-45,Mumbai,personal,10420,5,36517,3
C000526,pensioner,25-35,Mumbai,home,35616,5,84056,2
C000527,pensioner,25-35,Bengaluru,credit_card,35998,5,114531,1
C000528,gig_worker,35-45,Kolkata,credit_card,34221,5,116450,4
C000529,salaried_stable,45-55,Bengaluru,credit_card,17896,5,84394,3
C000530,salaried_stressed,25-35,Mumbai,credit_card,13974,5,74395,1
C000531,gig_worker,25-35,Delhi,home,6740,5,130603,1
C000532,salaried_stable,45-55,Bengaluru,personal,30603,5,52168,5
C000533,salaried_stressed,55+,Delhi,home,16475,5,38955,2
C000534,salaried_stable,25-35,Kolkata,home,36227,5,48821,2
C000535,salaried_stable,45-55,Hyderabad,credit_card,35444,5,126129,4
C000536,salaried_stressed,25-35,Bengaluru,home,9486,5,86388,2
C000537,salaried_stable,45-55,Kolkata,credit_card,37093,5,34480,5
C000538,salaried_stable,55+,Delhi,personal,9910,5,50253,4
C000539,sme_owner,55+,Mumbai,credit_card,22163,5,33368,2
C000540,pensioner,45-55,Kolkata,home,21587,5,127731,2
C000541,salaried_stressed,45-55,Kolkata,credit_card,38471,5,85357,5
C000542,sme_owner,55+,Delhi,home,28005,5,38167,3
C000543,pensioner,45-55,Chennai,home,35633,5,56554,5
C000544,salaried_stable,35-45,Delhi,personal,25853,5,103974,2
C000545,salaried_stable,55+,Chennai,credit_card,33883,5,101246,1
C000546,salaried_stable,45-55,Hyderabad,credit_card,34824,5,128314,5
C000547,salaried_stable,55+,Hyderabad,credit_card,35089,5,33098,2
C000548,gig_worker,45-55,Chennai,personal,19406,5,38327,5
C000549,salaried_stable,55+,Hyderabad,personal,18365,5,34246,4
C000550,salaried_stable,25-35,Chennai,credit_card,39468,5,77287,2
C000551,salaried_stable,25-35,Hyderabad,personal,31476,5,117257,4
C000552,salaried_stable,25-35,Delhi,home,37105,5,109560,1
C000553,pensioner,45-55,Bengaluru,home,25206,5,55219,2
C000554,salaried_stable,45-55,Bengaluru,credit_card,37515,5,108868,2
C000555,salaried_stable,25-35,Chennai,credit_card,30188,5,108770,4
C000556,salaried_stable,25-35,Mumbai,credit_card,30989,5,52966,3
C000557,salaried_stable,55+,Delhi,personal,11222,5,119990,4
C000558,salaried_stressed,55+,Kolkata,home,24840,5,80674,3
C000559,salaried_stable,45-55,Mumbai,credit_card,30598,5,37119,4
C000560,salaried_stable,35-45,Chennai,credit_card,31634,5,76869,1
C000561,salaried_stable,35-45,Chennai,personal,38515,5,122370,4
C000562,sme_owner,25-35,Bengaluru,credit_card,16443,5,113545,1
C000563,salaried_stressed,25-35,Mumbai,home,15593,5,62210,1
C000564,salaried_stressed,55+,Mumbai,personal,38931,5,120828,4
C000565,salaried_stressed,35-45,Delhi,home,39515,5,76745,1
C000566,gig_worker,45-55,Mumbai,credit_card,11295,5,85228,4
C000567,salaried_stable,45-55,Mumbai,personal,18243,5,40396,1
C000568,salaried_stable,35-45,Mumbai,personal,38183,5,149647,1
C000569,salaried_stressed,25-35,Delhi,credit_card,11990,5,130635,5
C000570,salaried_stable,45-55,Kolkata,credit_card,32410,5,53391,1
C000571,sme_owner,25-35,Chennai,personal,8930,5,97287,5
C000572,salaried_stable,35-45,Mumbai,credit_card,11240,5,123642,2
C000573,gig_worker,55+,Chennai,credit_card,32473,5,90559,4
C000574,sme_owner,45-55,Mumbai,credit_card,26261,5,55295,5
C000575,salaried_stressed,55+,Bengaluru,personal,24418,5,146226,1
C000576,pensioner,25-35,Mumbai,home,34980,5,62256,2
C000577,salaried_stressed,25-35,Mumbai,credit_card,15749,5,70140,3
C000578,sme_owner,35-45,Mumbai,credit_card,22615,5,74594,5
C000579,salaried_stable,35-45,Bengaluru,home,26295,5,136893,1
C000580,salaried_stable,25-35,Bengaluru,personal,30895,5,90001,1
C000581,salaried_stressed,55+,Bengaluru,personal,16623,5,116362,2
C000582,salaried_stable,25-35,Chennai,personal,27177,5,138145,2
C000583,salaried_stable,45-55,Hyderabad,personal,20692,5,141423,2
C000584,pensioner,45-55,Hyderabad,personal,23968,5,132771,1
C000585,salaried_stressed,45-55,Chennai,personal,35193,5,138936,5
C000586,salaried_stable,25-35,Chennai,credit_card,18777,5,143787,4
C000587,salaried_stable,35-45,Bengaluru,home,28385,5,148923,1
C000588,salaried_stable,45-55,Delhi,home,37969,5,107171,3
C000589,salaried_stable,35-45,Bengaluru,credit_card,31684,5,45801,4
C000590,pensioner,45-55,Mumbai,home,39605,5,43597,4
C000591,salaried_stable,25-35,Kolkata,home,25422,5,125521,5
C000592,salaried_stable,25-35,Bengaluru,personal,14868,5,67937,4
C000593,salaried_stressed,45-55,Hyderabad,home,39698,5,126539,4
C000594,salaried_stable,45-55,Kolkata,personal,27560,5,142168,1
C000595,salaried_stable,25-35,Bengaluru,home,13449,5,107324,1
C000596,gig_worker,55+,Kolkata,credit_card,16101,5,121715,4
C000597,salaried_stressed,25-35,Bengaluru,home,14180,5,63463,5
C000598,pensioner,55+,Mumbai,personal,34176,5,82144,2
C000599,salaried_stressed,45-55,Mumbai,credit_card,8239,5,145817,4
C000600,salaried_stable,55+,Mumbai,credit_card,30896,5,128022,2
C000601,gig_worker,55+,Kolkata,home,24390,5,54530,3
C000602,pensioner,35-45,Bengaluru,personal,7571,5,142358,4
C000603,gig_worker,55+,Delhi,credit_card,26467,5,89949,4
C000604,pensioner,25-35,Bengaluru,personal,31360,5,131264,1
C000605,gig_worker,35-45,Delhi,credit_card,30408,5,92578,5
C000606,sme_owner,25-35,Kolkata,personal,23497,5,102467,5
C000607,salaried_stable,35-45,Kolkata,home,16740,5,49419,3
C000608,gig_worker,55+,Mumbai,credit_card,10734,5,70639,2
C000609,salaried_stable,35-45,Hyderabad,personal,5428,5,116703,3
C000610,salaried_stressed,25-35,Bengaluru,personal,17584,5,131087,5
C000611,salaried_stressed,35-45,Mumbai,personal,27128,5,40664,3
C000612,pensioner,55+,Kolkata,home,6317,5,39223,1
C000613,pensioner,45-55,Mumbai,home,39954,5,113171,1
C000614,salaried_stable,45-55,Delhi,personal,25508,5,83651,5
C000615,gig_worker,35-45,Mumbai,home,15309,5,131833,4
C000616,gig_worker,35-45,Bengaluru,credit_card,38673,5,38186,4
C000617,salaried_stable,45-55,Chennai,credit_card,11437,5,71927,1
C000618,salaried_stable,45-55,Delhi,personal,38515,5,34252,1
C000619,salaried_stable,55+,Mumbai,home,14861,5,115130,2
C000620,gig_worker,45-55,Mumbai,personal,18290,5,132942,2
C000621,salaried_stable,55+,Kolkata,home,19889,5,48812,2
C000622,pensioner,55+,Hyderabad,credit_card,39819,5,68876,3
C000623,salaried_stable,25-35,Kolkata,credit_card,13781,5,131513,2
C000624,pensioner,35-45,Chennai,personal,39050,5,34971,1
C000625,salaried_stable,35-45,Chennai,personal,17143,5,144243,3
C000626,gig_worker,25-35,Hyderabad,credit_card,14981,5,136438,4
C000627,salaried_stable,25-35,Chennai,credit_card,27337,5,48323,4
C000628,salaried_stressed,55+,Bengaluru,personal,29281,5,46671,2
C000629,gig_worker,35-45,Delhi,personal,17075,5,113023,2
C000630,pensioner,25-35,Bengaluru,home,9692,5,31211,3
C000631,sme_owner,35-45,Mumbai,home,18862,5,90699,1
C000632,salaried_stable,35-45,Delhi,home,23914,5,37910,5
C000633,salaried_stable,25-35,Hyderabad,credit_card,6401,5,93779,5
C000634,salaried_stable,25-35,Kolkata,credit_card,7752,5,72023,1
C000635,salaried_stable,55+,Mumbai,credit_card,37127,5,114778,5
C000636,salaried_stressed,55+,Mumbai,personal,6255,5,135684,1
C000637,gig_worker,35-45,Mumbai,credit_card,19241,5,88648,3
C000638,gig_worker,45-55,Hyderabad,credit_card,31736,5,107012,4
C000639,sme_owner,55+,Delhi,home,16485,5,102039,2
C000640,gig_worker,55+,Delhi,home,22317,5,148191,2
C000641,gig_worker,25-35,Mumbai,credit_card,8026,5,57708,1
C000642,salaried_stable,55+,Kolkata,credit_card,32805,5,58672,4
C000643,salaried_stable,25-35,Bengaluru,home,27196,5,75420,1
C000644,salaried_stressed,25-35,Hyderabad,personal,34807,5,118403,3
C000645,sme_owner,35-45,Hyderabad,home,35233,5,133828,2
C000646,salaried_stable,45-55,Mumbai,credit_card,17278,5,63369,5
C000647,salaried_stressed,25-35,Hyderabad,personal,6440,5,43188,5
C000648,salaried_stressed,35-45,Chennai,credit_card,17122,5,103038,5
C000649,salaried_stable,35-45,Chennai,personal,10084,5,101709,4
C000650,salaried_stable,35-45,Delhi,credit_card,23665,5,74972,3
C000651,sme_owner,55+,Kolkata,home,10123,5,52114,2
C000652,salaried_stressed,35-45,Kolkata,personal,37266,5,131984,1
C000653,salaried_stable,25-35,Bengaluru,personal,26079,5,131584,5
C000654,sme_owner,25-35,Mumbai,personal,13856,5,119703,2
C000655,salaried_stable,25-35,Kolkata,credit_card,37243,5,99485,3
C000656,sme_owner,25-35,Kolkata,home,31939,5,61371,1
C000657,salaried_stable,45-55,Chennai,credit_card,20321,5,78365,2
C000658,salaried_stressed,35-45,Chennai,personal,10127,5,38211,4
C000659,salaried_stable,35-45,Delhi,credit_card,17033,5,59978,3
C000660,salaried_stable,55+,Mumbai,credit_card,25440,5,84052,3
C000661,sme_owner,45-55,Kolkata,personal,31804,5,82421,2
C000662,salaried_stable,25-35,Bengaluru,home,14167,5,39645,1
C000663,salaried_stable,35-45,Delhi,credit_card,30989,5,144913,5
C000664,salaried_stable,35-45,Hyderabad,personal,14899,5,62188,3
C000665,gig_worker,55+,Mumbai,personal,13636,5,91105,2
C000666,gig_worker,35-45,Mumbai,credit_card,20645,5,85830,2
C000667,pensioner,25-35,Delhi,home,10628,5,86338,4
C000668,salaried_stable,45-55,Bengaluru,personal,19162,5,131403,3
C000669,salaried_stable,35-45,Bengaluru,credit_card,17523,5,119552,2
C000670,salaried_stable,25-35,Delhi,credit_card,14801,5,134116,5
C000671,salaried_stressed,45-55,Bengaluru,personal,32146,5,75485,5
C000672,pensioner,25-35,Bengaluru,personal,16610,5,61818,1
C000673,gig_worker,55+,Chennai,personal,29327,5,81290,4
C000674,salaried_stressed,55+,Chennai,credit_card,30210,5,97378,5
C000675,salaried_stable,35-45,Kolkata,personal,28304,5,70433,3
C000676,pensioner,45-55,Hyderabad,credit_card,14426,5,85206,1
C000677,salaried_stable,45-55,Delhi,home,34029,5,48110,1
C000678,salaried_stable,45-55,Kolkata,home,13279,5,100061,4
C000679,salaried_stable,25-35,Chennai,credit_card,14699,5,115657,5
C000680,salaried_stable,35-45,Delhi,credit_card,35624,5,93258,1
C000681,salaried_stable,25-35,Bengaluru,personal,16888,5,134763,3
C000682,salaried_stable,45-55,Hyderabad,personal,29395,5,149481,3
C000683,salaried_stable,25-35,Hyderabad,personal,6481,5,138671,2
C000684,salaried_stressed,45-55,Bengaluru,credit_card,26501,5,41157,4
C000685,salaried_stable,45-55,Mumbai,home,35406,5,135696,5
C000686,salaried_stable,55+,Delhi,personal,29804,5,70044,2
C000687,pensioner,35-45,Mumbai,personal,25385,5,84214,1
C000688,gig_worker,25-35,Hyderabad,home,34716,5,79437,2
C000689,salaried_stressed,45-55,Chennai,credit_card,15434,5,64087,2
C000690,salaried_stable,25-35,Bengaluru,home,18187,5,135267,4
C000691,sme_owner,25-35,Hyderabad,credit_card,7429,5,106550,3
C000692,salaried_stable,55+,Hyderabad,credit_card,29443,5,146036,1
C000693,salaried_stable,55+,Hyderabad,credit_card,30319,5,144564,2
C000694,pensioner,45-55,Mumbai,home,31298,5,80371,4
C000695,salaried_stressed,55+,Chennai,credit_card,31205,5,117246,3
C000696,gig_worker,25-35,Kolkata,credit_card,9458,5,90283,3
C000697,salaried_stressed,25-35,Hyderabad,home,28316,5,89381,2
C000698,salaried_stressed,35-45,Delhi,home,31716,5,118756,2
C000699,salaried_stable,25-35,Bengaluru,credit_card,12132,5,112657,1
C000700,salaried_stable,55+,Kolkata,home,21676,5,139409,1
C000701,salaried_stable,25-35,Mumbai,personal,36962,5,122704,1
C000702,salaried_stable,45-55,Chennai,credit_card,19518,5,104656,4
C000703,sme_owner,55+,Mumbai,personal,31360,5,140312,1
C000704,salaried_stable,45-55,Kolkata,credit_card,23562,5,42286,3
C000705,salaried_stressed,25-35,Mumbai,home,28021,5,121585,5
C000706,gig_worker,35-45,Mumbai,home,26927,5,77073,4
C000707,gig_worker,45-55,Delhi,personal,27783,5,81982,3
C000708,salaried_stable,55+,Delhi,home,32278,5,123800,1
C000709,salaried_stable,35-45,Bengaluru,credit_card,36652,5,62832,3
C000710,pensioner,35-45,Delhi,personal,15348,5,136035,5
C000711,salaried_stressed,55+,Bengaluru,credit_card,37490,5,89985,2
C000712,gig_worker,55+,Chennai,credit_card,26975,5,71880,5
C000713,pensioner,35-45,Chennai,credit_card,25847,5,69381,4
C000714,gig_worker,25-35,Kolkata,home,16470,5,80510,2
C000715,salaried_stable,45-55,Bengaluru,personal,19583,5,143131,1
C000716,salaried_stressed,55+,Chennai,credit_card,27806,5,42317,1
C000717,salaried_stable,55+,Hyderabad,home,17730,5,90955,2
C000718,salaried_stressed,35-45,Delhi,home,15054,5,130200,2
C000719,pensioner,25-35,Hyderabad,credit_card,33667,5,86646,4
C000720,salaried_stressed,45-55,Kolkata,credit_card,19540,5,97922,3
C000721,salaried_stable,55+,Delhi,personal,27561,5,71783,3
C000722,salaried_stable,55+,Delhi,credit_card,6091,5,46345,4
C000723,pensioner,25-35,Bengaluru,home,7704,5,106728,4
C000724,salaried_stable,35-45,Delhi,credit_card,34686,5,140394,4
C000725,salaried_stable,35-45,Chennai,home,9976,5,92406,5
C000726,salaried_stable,25-35,Kolkata,credit_card,32853,5,81844,2
C000727,salaried_stable,55+,Chennai,credit_card,36506,5,45485,5
C000728,salaried_stable,25-35,Mumbai,credit_card,21848,5,143367,3
C000729,salaried_stressed,45-55,Delhi,credit_card,35957,5,134304,1
C000730,salaried_stable,55+,Hyderabad,home,19952,5,138234,1
C000731,salaried_stable,45-55,Delhi,personal,38314,5,73081,1
C000732,salaried_stable,55+,Chennai,home,13299,5,105035,5
C000733,salaried_stable,35-45,Hyderabad,home,19974,5,81909,1
C000734,salaried_stable,55+,Delhi,credit_card,18611,5,58158,5
C000735,salaried_stressed,35-45,Chennai,home,32442,5,54680,4
C000736,salaried_stable,25-35,Bengaluru,home,6530,5,76062,3
C000737,salaried_stable,35-45,Mumbai,personal,33987,5,96407,5
C000738,salaried_stable,35-45,Bengaluru,credit_card,5820,5,44640,5
C000739,salaried_stable,45-55,Bengaluru,home,16049,5,114246,5
C000740,salaried_stable,35-45,Mumbai,personal,25862,5,84931,3
C000741,salaried_stable,35-45,Kolkata,personal,10086,5,135739,2
C000742,sme_owner,35-45,Chennai,credit_card,22154,5,63455,1
C000743,salaried_stable,35-45,Mumbai,personal,39895,5,36192,5
C000744,salaried_stressed,45-55,Kolkata,home,33812,5,67446,5
C000745,salaried_stable,35-45,Kolkata,home,6057,5,146799,3
C000746,salaried_stable,55+,Mumbai,personal,25711,5,68639,1
C000747,salaried_stable,35-45,Mumbai,personal,25906,5,114458,5
C000748,gig_worker,55+,Bengaluru,credit_card,7387,5,131195,2
C000749,sme_owner,35-45,Chennai,home,27757,5,64115,3
C000750,salaried_stable,25-35,Hyderabad,personal,23235,5,107111,4
C000751,salaried_stable,25-35,Bengaluru,personal,28862,5,54536,1
C000752,salaried_stable,55+,Chennai,home,15412,5,73464,1
C000753,salaried_stable,55+,Mumbai,credit_card,13946,5,65530,1
C000754,salaried_stressed,25-35,Chennai,credit_card,30758,5,110686,5
C000755,salaried_stable,45-55,Kolkata,personal,30255,5,135087,5
C000756,salaried_stable,45-55,Chennai,credit_card,10660,5,60285,3
C000757,pensioner,25-35,Bengaluru,credit_card,12573,5,64966,3
C000758,salaried_stable,35-45,Delhi,personal,25522,5,128513,3
C000759,salaried_stable,45-55,Kolkata,personal,34016,5,85538,2
C000760,gig_worker,55+,Mumbai,credit_card,12062,5,91567,3
C000761,salaried_stable,55+,Delhi,home,12669,5,114688,2
C000762,salaried_stable,25-35,Mumbai,credit_card,33272,5,46510,4
C000763,salaried_stable,25-35,Kolkata,personal,29384,5,134638,2
C000764,pensioner,35-45,Bengaluru,personal,36580,5,73826,4
C000765,salaried_stable,25-35,Kolkata,personal,32419,5,109028,5
C000766,salaried_stable,45-55,Chennai,personal,38364,5,81861,2
C000767,salaried_stable,25-35,Chennai,home,11613,5,120373,1
C000768,salaried_stable,25-35,Chennai,personal,14517,5,103389,3
C000769,salaried_stressed,25-35,Delhi,credit_card,13329,5,50799,1
C000770,salaried_stable,35-45,Chennai,home,6940,5,52541,2
C000771,salaried_stressed,55+,Hyderabad,credit_card,32268,5,135288,4
C000772,salaried_stressed,25-35,Kolkata,home,28161,5,92352,3
C000773,sme_owner,55+,Chennai,personal,8009,5,63086,3
C000774,salaried_stable,35-45,Kolkata,home,11934,5,47190,4
C000775,sme_owner,25-35,Kolkata,personal,11676,5,45405,1
C000776,salaried_stressed,35-45,Chennai,credit_card,19102,5,140388,3
C000777,salaried_stable,45-55,Bengaluru,credit_card,20943,5,147149,1
C000778,gig_worker,25-35,Mumbai,personal,15114,5,77219,3
C000779,sme_owner,25-35,Delhi,home,37556,5,54196,2
C000780,salaried_stable,55+,Kolkata,home,12446,5,80265,5
C000781,pensioner,45-55,Mumbai,personal,24665,5,46398,2
C000782,salaried_stable,35-45,Bengaluru,personal,20329,5,95958,2
C000783,salaried_stressed,55+,Hyderabad,credit_card,18568,5,105122,1
C000784,pensioner,55+,Delhi,personal,33902,5,148234,1
C000785,salaried_stable,35-45,Kolkata,home,39242,5,68263,2
C000786,gig_worker,45-55,Chennai,personal,5205,5,53737,2
C000787,salaried_stable,25-35,Mumbai,home,21229,5,46001,4
C000788,gig_worker,35-45,Delhi,personal,9170,5,75260,5
C000789,salaried_stressed,45-55,Hyderabad,home,20180,5,102134,5
C000790,salaried_stable,25-35,Kolkata,home,26596,5,37995,5
C000791,salaried_stable,55+,Kolkata,home,19407,5,121078,5
C000792,salaried_stable,55+,Kolkata,home,15818,5,85212,3
C000793,salaried_stable,35-45,Mumbai,personal,15926,5,125183,2
C000794,salaried_stable,35-45,Hyderabad,home,15495,5,85632,4
C000795,salaried_stable,25-35,Mumbai,credit_card,16399,5,48661,2
C000796,salaried_stable,45-55,Mumbai,home,18089,5,32575,4
C000797,salaried_stable,25-35,Hyderabad,personal,29074,5,96824,5
C000798,gig_worker,35-45,Bengaluru,credit_card,8360,5,94732,1
C000799,gig_worker,45-55,Chennai,credit_card,6429,5,127641,4
C000800,gig_worker,45-55,Kolkata,credit_card,23086,5,135270,5
C000801,salaried_stable,45-55,Mumbai,credit_card,28863,5,49330,3
C000802,sme_owner,25-35,Chennai,credit_card,14055,5,67762,2
C000803,salaried_stressed,55+,Kolkata,credit_card,12042,5,54921,2
C000804,salaried_stable,45-55,Bengaluru,home,26866,5,42805,1
C000805,salaried_stable,55+,Chennai,personal,18447,5,30289,2
C000806,salaried_stressed,35-45,Bengaluru,home,30762,5,39877,4
C000807,salaried_stable,55+,Kolkata,personal,10128,5,92956,3
C000808,salaried_stressed,35-45,Mumbai,credit_card,9238,5,48223,2
C000809,pensioner,55+,Kolkata,home,24346,5,53361,3
C000810,salaried_stable,25-35,Hyderabad,credit_card,18737,5,44140,5
C000811,salaried_stable,25-35,Hyderabad,home,30527,5,116909,1
C000812,pensioner,45-55,Bengaluru,home,22714,5,106281,1
C000813,salaried_stressed,45-55,Chennai,credit_card,17412,5,145465,5
C000814,salaried_stable,45-55,Bengaluru,home,10588,5,43379,4
C000815,sme_owner,35-45,Delhi,home,10719,5,55050,3
C000816,sme_owner,55+,Kolkata,home,31454,5,84684,5
C000817,salaried_stressed,35-45,Chennai,credit_card,12927,5,107891,3
C000818,salaried_stressed,45-55,Hyderabad,credit_card,22585,5,45609,3
C000819,salaried_stable,55+,Mumbai,personal,33633,5,55420,2
C000820,salaried_stable,45-55,Hyderabad,home,36424,5,80581,5
C000821,salaried_stressed,45-55,Chennai,home,14367,5,32160,4
C000822,salaried_stable,55+,Kolkata,home,8836,5,77432,2
C000823,salaried_stressed,55+,Mumbai,personal,32114,5,121026,4
C000824,sme_owner,35-45,Chennai,credit_card,29054,5,93196,4
C000825,salaried_stable,35-45,Chennai,credit_card,16591,5,82080,1
C000826,salaried_stressed,25-35,Chennai,personal,25774,5,88549,1
C000827,salaried_stable,45-55,Mumbai,personal,11605,5,143614,3
C000828,sme_owner,55+,Bengaluru,home,29523,5,92452,4
C000829,salaried_stable,35-45,Delhi,personal,30455,5,94114,4
C000830,salaried_stressed,35-45,Chennai,credit_card,15477,5,141697,2
C000831,salaried_stressed,25-35,Delhi,credit_card,21399,5,48897,5
C000832,salaried_stable,35-45,Bengaluru,credit_card,16692,5,41515,3
C000833,salaried_stressed,25-35,Chennai,home,6094,5,83972,2
C000834,gig_worker,55+,Mumbai,credit_card,9455,5,68230,1
C000835,salaried_stressed,45-55,Hyderabad,personal,38597,5,54347,5
C000836,gig_worker,25-35,Hyderabad,personal,20961,5,44340,4
C000837,pensioner,25-35,Mumbai,personal,10171,5,135363,3
C000838,salaried_stable,55+,Mumbai,credit_card,6549,5,103714,2
C000839,salaried_stressed,55+,Kolkata,home,17369,5,112908,1
C000840,salaried_stable,55+,Delhi,personal,39398,5,44170,1
C000841,gig_worker,25-35,Kolkata,personal,18467,5,70948,1
C000842,salaried_stressed,25-35,Bengaluru,home,39981,5,104499,3
C000843,salaried_stable,25-35,Bengaluru,personal,22130,5,93338,1
C000844,salaried_stable,55+,Delhi,home,31738,5,113385,1
C000845,sme_owner,55+,Chennai,home,32490,5,110337,2
C000846,salaried_stable,55+,Mumbai,personal,5985,5,79600,4
C000847,salaried_stressed,25-35,Bengaluru,personal,5213,5,123942,3
C000848,salaried_stable,25-35,Bengaluru,home,37286,5,61155,1
C000849,pensioner,55+,Mumbai,home,37636,5,39617,4
C000850,salaried_stable,55+,Bengaluru,personal,9641,5,139605,3
C000851,salaried_stable,45-55,Chennai,home,27609,5,32702,1
C000852,sme_owner,25-35,Hyderabad,home,37330,5,64040,4
C000853,pensioner,25-35,Mumbai,personal,38272,5,43734,5
C000854,salaried_stable,25-35,Kolkata,home,15373,5,57819,3
C000855,salaried_stable,45-55,Kolkata,personal,33608,5,77399,1
C000856,gig_worker,55+,Hyderabad,personal,27621,5,45553,2
C000857,sme_owner,45-55,Kolkata,personal,37474,5,86004,3
C000858,salaried_stable,35-45,Bengaluru,personal,10135,5,141278,5
C000859,salaried_stressed,55+,Hyderabad,personal,26035,5,46375,5
C000860,gig_worker,25-35,Hyderabad,credit_card,5857,5,141189,5
C000861,gig_worker,55+,Chennai,personal,17505,5,79338,5
C000862,gig_worker,55+,Delhi,credit_card,5399,5,101094,3
C000863,salaried_stressed,45-55,Chennai,credit_card,20501,5,82994,4
C000864,salaried_stable,55+,Kolkata,credit_card,33388,5,67996,4
C000865,pensioner,45-55,Kolkata,credit_card,28031,5,43090,4
C000866,sme_owner,35-45,Bengaluru,personal,16090,5,101200,4
C000867,gig_worker,35-45,Delhi,home,19942,5,139999,1
C000868,salaried_stable,55+,Hyderabad,credit_card,17860,5,92494,5
C000869,salaried_stable,45-55,Mumbai,home,30608,5,101897,1
C000870,gig_worker,25-35,Mumbai,personal,14317,5,107249,3
C000871,salaried_stable,55+,Chennai,home,8214,5,76624,3
C000872,pensioner,25-35,Kolkata,credit_card,22735,5,44471,5
C000873,salaried_stable,45-55,Delhi,credit_card,34049,5,90828,1
C000874,gig_worker,25-35,Bengaluru,home,21699,5,134271,3
C000875,sme_owner,45-55,Delhi,personal,12146,5,67703,2
C000876,salaried_stable,35-45,Bengaluru,personal,6612,5,134576,1
C000877,salaried_stable,35-45,Mumbai,personal,38038,5,132519,2
C000878,salaried_stressed,45-55,Chennai,home,31625,5,59376,3
C000879,salaried_stressed,55+,Chennai,personal,10444,5,99001,5
C000880,salaried_stable,35-45,Delhi,home,7587,5,119706,2
C000881,salaried_stressed,55+,Delhi,personal,9520,5,89387,5
C000882,pensioner,35-45,Hyderabad,personal,18178,5,113924,4
C000883,salaried_stable,25-35,Delhi,personal,33415,5,139306,5
C000884,salaried_stable,25-35,Mumbai,personal,10595,5,105272,5
C000885,salaried_stable,25-35,Mumbai,credit_card,33654,5,130557,4
C000886,salaried_stable,45-55,Kolkata,credit_card,5066,5,126115,4
C000887,salaried_stable,45-55,Bengaluru,credit_card,30856,5,127536,1
C000888,salaried_stable,35-45,Mumbai,home,14884,5,132282,4
C000889,salaried_stressed,35-45,Kolkata,personal,38618,5,57073,1
C000890,salaried_stable,55+,Mumbai,credit_card,21654,5,32202,4
C000891,pensioner,45-55,Bengaluru,home,14468,5,48374,4
C000892,salaried_stable,25-35,Mumbai,credit_card,13502,5,59960,4
C000893,salaried_stable,25-35,Hyderabad,home,33932,5,112811,4
C000894,gig_worker,35-45,Hyderabad,home,19104,5,91193,2
C000895,sme_owner,35-45,Hyderabad,home,17321,5,86237,2
C000896,salaried_stable,55+,Delhi,personal,30748,5,31089,3
C000897,salaried_stable,45-55,Delhi,home,23808,5,112045,3
C000898,salaried_stable,55+,Kolkata,credit_card,28234,5,73709,2
C000899,salaried_stressed,45-55,Hyderabad,personal,20596,5,121275,3
C000900,salaried_stable,35-45,Mumbai,personal,7240,5,43531,3
C000901,salaried_stable,45-55,Hyderabad,credit_card,5204,5,65437,2
C000902,salaried_stable,45-55,Hyderabad,home,6368,5,36563,4
C000903,salaried_stable,45-55,Chennai,credit_card,25106,5,64158,2
C000904,pensioner,25-35,Chennai,home,22976,5,140802,2
C000905,salaried_stressed,45-55,Mumbai,home,31162,5,88899,3
C000906,salaried_stable,35-45,Mumbai,credit_card,36312,5,82746,1
C000907,salaried_stable,55+,Mumbai,home,11109,5,62825,4
C000908,salaried_stable,55+,Mumbai,personal,38505,5,61784,4
C000909,salaried_stable,45-55,Kolkata,home,37607,5,110075,5
C000910,gig_worker,55+,Chennai,personal,26557,5,148221,2
C000911,sme_owner,45-55,Hyderabad,home,23563,5,119607,3
C000912,pensioner,25-35,Delhi,credit_card,11183,5,118439,3
C000913,pensioner,45-55,Kolkata,personal,11238,5,86644,4
C000914,pensioner,55+,Delhi,credit_card,5653,5,41836,4
C000915,pensioner,25-35,Kolkata,home,27608,5,116855,5
C000916,salaried_stable,25-35,Mumbai,personal,20160,5,127047,5
C000917,salaried_stable,35-45,Mumbai,personal,11717,5,91252,1
C000918,salaried_stable,55+,Mumbai,credit_card,9684,5,40981,2
C000919,salaried_stressed,45-55,Hyderabad,credit_card,7223,5,115544,4
C000920,salaried_stable,55+,Delhi,credit_card,27433,5,140527,3
C000921,sme_owner,55+,Bengaluru,home,28986,5,56996,3
C000922,salaried_stressed,45-55,Bengaluru,home,27107,5,49132,1
C000923,salaried_stressed,45-55,Hyderabad,home,8874,5,118661,3
C000924,salaried_stable,35-45,Bengaluru,home,6447,5,69819,4
C000925,salaried_stable,25-35,Mumbai,personal,8717,5,115814,1
C000926,salaried_stable,35-45,Bengaluru,personal,31305,5,114380,3
C000927,sme_owner,45-55,Delhi,credit_card,30898,5,61992,5
C000928,salaried_stressed,25-35,Hyderabad,home,15319,5,35071,3
C000929,gig_worker,25-35,Hyderabad,personal,6932,5,96716,5
C000930,salaried_stable,25-35,Mumbai,credit_card,16190,5,78932,2
C000931,salaried_stable,45-55,Hyderabad,personal,33341,5,132637,1
C000932,salaried_stable,55+,Mumbai,home,10019,5,72957,4
C000933,gig_worker,55+,Chennai,personal,32865,5,59942,2
C000934,gig_worker,35-45,Bengaluru,home,21216,5,133221,1
C000935,salaried_stable,45-55,Delhi,home,9948,5,118317,1
C000936,pensioner,55+,Bengaluru,credit_card,37686,5,104203,5
C000937,salaried_stable,45-55,Delhi,credit_card,23143,5,144476,4
C000938,sme_owner,35-45,Hyderabad,credit_card,28504,5,123959,2
C000939,salaried_stable,35-45,Kolkata,personal,8381,5,133949,3
C000940,salaried_stable,45-55,Hyderabad,personal,18007,5,125880,2
C000941,sme_owner,35-45,Bengaluru,credit_card,27139,5,78182,1
C000942,salaried_stable,55+,Chennai,credit_card,27587,5,37482,5
C000943,salaried_stable,55+,Bengaluru,personal,7202,5,102864,5
C000944,salaried_stable,25-35,Hyderabad,personal,26149,5,121787,2
C000945,salaried_stable,45-55,Chennai,home,38056,5,149012,2
C000946,gig_worker,35-45,Bengaluru,personal,32523,5,111793,5
C000947,sme_owner,45-55,Bengaluru,personal,12270,5,98212,3
C000948,sme_owner,35-45,Bengaluru,credit_card,36941,5,99085,2
C000949,salaried_stable,35-45,Chennai,home,28901,5,43803,2
C000950,salaried_stressed,35-45,Hyderabad,personal,6993,5,30884,3
C000951,salaried_stable,25-35,Bengaluru,home,9490,5,35451,3
C000952,salaried_stable,55+,Hyderabad,home,37244,5,138585,1
C000953,salaried_stable,25-35,Hyderabad,home,12335,5,124837,3
C000954,pensioner,35-45,Bengaluru,credit_card,8386,5,61221,3
C000955,sme_owner,25-35,Kolkata,personal,20783,5,80835,2
C000956,gig_worker,25-35,Delhi,home,23396,5,88033,2
C000957,salaried_stressed,35-45,Kolkata,credit_card,25058,5,59617,3
C000958,salaried_stable,55+,Delhi,home,28060,5,80721,2
C000959,salaried_stressed,55+,Chennai,credit_card,39960,5,71720,5
C000960,salaried_stressed,35-45,Delhi,home,31573,5,113374,3
C000961,salaried_stable,45-55,Bengaluru,home,5907,5,120884,3
C000962,salaried_stable,55+,Bengaluru,credit_card,8100,5,41811,2
C000963,salaried_stable,25-35,Hyderabad,home,5011,5,85829,5
C000964,pensioner,55+,Mumbai,credit_card,18833,5,148948,1
C000965,salaried_stable,25-35,Kolkata,credit_card,17262,5,134219,3
C000966,pensioner,25-35,Kolkata,credit_card,37673,5,125251,1
C000967,salaried_stable,35-45,Chennai,personal,17815,5,118191,4
C000968,salaried_stressed,25-35,Chennai,home,6072,5,30518,2
C000969,salaried_stable,55+,Hyderabad,credit_card,35934,5,146881,2
C000970,salaried_stable,55+,Delhi,home,14109,5,118222,1
C000971,salaried_stable,35-45,Hyderabad,personal,36940,5,136620,4
C000972,salaried_stable,55+,Delhi,personal,32105,5,139067,2
C000973,pensioner,55+,Hyderabad,credit_card,35818,5,60545,2
C000974,salaried_stable,55+,Delhi,personal,33690,5,31658,5
C000975,salaried_stressed,55+,Hyderabad,personal,10011,5,109087,1
C000976,salaried_stable,45-55,Hyderabad,credit_card,26916,5,85077,3
C000977,salaried_stable,25-35,Delhi,personal,19423,5,32465,1
C000978,salaried_stressed,55+,Chennai,credit_card,27007,5,62497,1
C000979,salaried_stable,45-55,Bengaluru,home,31105,5,148932,1
C000980,pensioner,55+,Delhi,credit_card,22533,5,73604,1
C000981,gig_worker,55+,Chennai,home,15941,5,61320,5
C000982,gig_worker,25-35,Kolkata,credit_card,37071,5,108546,3
C000983,salaried_stable,35-45,Mumbai,credit_card,28213,5,109775,5
C000984,salaried_stable,25-35,Kolkata,personal,35993,5,69852,2
C000985,pensioner,25-35,Kolkata,credit_card,13300,5,131898,4
C000986,salaried_stable,55+,Chennai,credit_card,34339,5,99636,1
C000987,salaried_stable,55+,Chennai,personal,16319,5,49255,1
C000988,salaried_stable,55+,Bengaluru,personal,21117,5,68997,1
C000989,gig_worker,55+,Mumbai,personal,35115,5,131745,5
C000990,salaried_stressed,45-55,Chennai,personal,17415,5,40719,4
C000991,gig_worker,45-55,Hyderabad,home,13767,5,31469,4
C000992,gig_worker,55+,Delhi,credit_card,37044,5,108780,5
C000993,salaried_stable,45-55,Hyderabad,home,38751,5,83037,2
C000994,pensioner,45-55,Hyderabad,personal,15887,5,60339,4
C000995,salaried_stable,25-35,Hyderabad,home,15719,5,86644,3
C000996,salaried_stressed,45-55,Bengaluru,personal,12968,5,52030,3
C000997,salaried_stable,55+,Bengaluru,credit_card,5823,5,74890,4
C000998,pensioner,45-55,Bengaluru,personal,24350,5,58068,3
C000999,salaried_stable,35-45,Kolkata,credit_card,13921,5,100366,1
C001000,salaried_stable,25-35,Kolkata,home,34717,5,110835,1
C001001,salaried_stable,25-35,Bengaluru,personal,10992,5,139781,3
C001002,salaried_stable,45-55,Kolkata,credit_card,27234,5,38129,3
C001003,salaried_stable,45-55,Chennai,home,22738,5,69238,4
C001004,salaried_stressed,55+,Bengaluru,credit_card,26417,5,61733,3
C001005,salaried_stable,55+,Mumbai,home,8945,5,99511,1
C001006,pensioner,35-45,Chennai,credit_card,21329,5,93975,2
C001007,salaried_stable,55+,Chennai,home,26911,5,135295,3
C001008,gig_worker,45-55,Kolkata,personal,16932,5,140282,5
C001009,salaried_stable,35-45,Hyderabad,personal,35621,5,122759,3
C001010,salaried_stressed,55+,Mumbai,home,23533,5,53869,4
C001011,salaried_stressed,25-35,Chennai,home,17688,5,34887,4
C001012,salaried_stable,45-55,Hyderabad,credit_card,6078,5,137899,2
C001013,pensioner,55+,Bengaluru,home,10897,5,143134,5
C001014,salaried_stable,45-55,Bengaluru,credit_card,21680,5,60046,4
C001015,salaried_stable,55+,Hyderabad,personal,19000,5,35597,5
C001016,salaried_stressed,25-35,Chennai,home,35503,5,111671,4
C001017,sme_owner,45-55,Hyderabad,credit_card,32508,5,100651,4
C001018,salaried_stable,55+,Bengaluru,personal,10563,5,136660,1
C001019,salaried_stable,45-55,Delhi,personal,25702,5,99042,3
C001020,sme_owner,55+,Chennai,credit_card,20904,5,121241,1
C001021,gig_worker,35-45,Kolkata,home,8540,5,124366,4
C001022,pensioner,45-55,Chennai,credit_card,28306,5,31175,4
C001023,salaried_stressed,35-45,Hyderabad,home,23801,5,47813,3
C001024,salaried_stressed,55+,Mumbai,credit_card,8061,5,123601,2
C001025,salaried_stable,25-35,Kolkata,credit_card,21382,5,51524,1
C001026,pensioner,35-45,Delhi,credit_card,30608,5,54735,4
C001027,salaried_stable,25-35,Kolkata,personal,16448,5,120252,4
C001028,gig_worker,45-55,Bengaluru,home,17491,5,54540,3
C001029,salaried_stable,25-35,Kolkata,personal,8855,5,47940,4
C001030,salaried_stressed,35-45,Kolkata,personal,12151,5,31618,4
C001031,gig_worker,55+,Hyderabad,personal,39338,5,86333,3
C001032,salaried_stressed,35-45,Kolkata,home,26727,5,106417,1
C001033,pensioner,25-35,Chennai,home,11161,5,117797,5
C001034,salaried_stable,25-35,Kolkata,credit_card,21896,5,138669,3
C001035,salaried_stressed,25-35,Delhi,personal,11746,5,108149,4
C001036,salaried_stable,55+,Mumbai,home,20495,5,120772,5
C001037,salaried_stable,45-55,Chennai,credit_card,10095,5,55272,2
C001038,salaried_stable,55+,Hyderabad,credit_card,26658,5,70852,4
C001039,salaried_stable,25-35,Hyderabad,personal,24956,5,66475,1
C001040,salaried_stable,35-45,Chennai,credit_card,27170,5,37804,5
C001041,salaried_stressed,25-35,Chennai,personal,20528,5,146276,1
C001042,salaried_stressed,35-45,Chennai,home,15009,5,58951,3
C001043,salaried_stressed,45-55,Kolkata,home,13734,5,83840,2
C001044,salaried_stable,55+,Kolkata,credit_card,12530,5,72833,1
C001045,salaried_stable,35-45,Mumbai,credit_card,20029,5,35334,3
C001046,salaried_stable,55+,Chennai,credit_card,20801,5,138401,5
C001047,gig_worker,45-55,Bengaluru,credit_card,28573,5,56350,1
C001048,sme_owner,35-45,Hyderabad,home,6835,5,42050,2
C001049,salaried_stable,55+,Chennai,credit_card,14859,5,71092,1
C001050,salaried_stressed,35-45,Kolkata,personal,34841,5,47252,1
C001051,salaried_stable,25-35,Bengaluru,home,37033,5,149938,2
C001052,salaried_stable,55+,Hyderabad,personal,37581,5,52679,3
C001053,salaried_stable,55+,Mumbai,credit_card,15722,5,66322,4
C001054,salaried_stable,25-35,Kolkata,credit_card,9799,5,62543,4
C001055,salaried_stressed,55+,Mumbai,credit_card,11936,5,33167,4
C001056,pensioner,55+,Bengaluru,credit_card,9615,5,31547,4
C001057,salaried_stable,55+,Kolkata,personal,38409,5,91550,2
C001058,salaried_stressed,35-45,Kolkata,credit_card,35918,5,57926,5
C001059,gig_worker,45-55,Bengaluru,home,33369,5,40032,1
C001060,pensioner,45-55,Bengaluru,credit_card,30543,5,64965,4
C001061,salaried_stressed,45-55,Mumbai,credit_card,17009,5,62888,1
C001062,salaried_stable,45-55,Kolkata,home,21649,5,80889,4
C001063,salaried_stressed,45-55,Mumbai,personal,34450,5,149085,1
C001064,salaried_stable,45-55,Mumbai,home,33502,5,66826,2
C001065,pensioner,45-55,Bengaluru,home,23158,5,114556,2
C001066,salaried_stable,45-55,Mumbai,credit_card,34314,5,122218,4
C001067,salaried_stressed,25-35,Mumbai,home,17136,5,36079,1
C001068,salaried_stable,25-35,Chennai,home,19472,5,90158,2
C001069,salaried_stable,55+,Hyderabad,home,34386,5,83842,2
C001070,sme_owner,55+,Delhi,personal,18174,5,90923,4
C001071,salaried_stressed,45-55,Hyderabad,personal,31325,5,50596,5
C001072,salaried_stable,25-35,Chennai,personal,20864,5,85808,4
C001073,pensioner,55+,Delhi,home,15425,5,44753,3
C001074,sme_owner,25-35,Hyderabad,home,12659,5,143499,2
C001075,salaried_stable,35-45,Chennai,credit_card,26233,5,100447,5
C001076,salaried_stressed,35-45,Hyderabad,credit_card,21788,5,34141,1
C001077,salaried_stable,25-35,Mumbai,personal,17928,5,90678,1
C001078,salaried_stressed,55+,Delhi,personal,31010,5,141160,2
C001079,salaried_stable,45-55,Delhi,home,5036,5,119143,2
C001080,salaried_stable,35-45,Bengaluru,credit_card,8226,5,62753,3
C001081,pensioner,45-55,Kolkata,personal,38663,5,137076,5
C001082,pensioner,25-35,Hyderabad,personal,28223,5,52262,4
C001083,sme_owner,35-45,Chennai,personal,24237,5,59601,2
C001084,pensioner,45-55,Chennai,home,5515,5,48599,2
C001085,gig_worker,35-45,Kolkata,credit_card,25945,5,140759,4
C001086,gig_worker,55+,Bengaluru,credit_card,20217,5,116029,2
C001087,gig_worker,25-35,Delhi,home,25996,5,92159,5
C001088,salaried_stable,25-35,Mumbai,personal,6435,5,110149,3
C001089,salaried_stable,45-55,Delhi,home,24272,5,61060,3
C001090,salaried_stable,55+,Chennai,home,25225,5,38478,5
C001091,salaried_stressed,35-45,Bengaluru,personal,15151,5,131494,2
C001092,salaried_stable,25-35,Bengaluru,credit_card,6907,5,145705,3
C001093,salaried_stable,55+,Bengaluru,credit_card,39005,5,34263,3
C001094,salaried_stressed,35-45,Kolkata,personal,29828,5,36202,2
C001095,salaried_stable,25-35,Kolkata,personal,26758,5,97141,1
C001096,salaried_stable,45-55,Mumbai,personal,31848,5,35163,2
C001097,gig_worker,35-45,Mumbai,credit_card,28482,5,116594,1
C001098,sme_owner,55+,Delhi,home,9703,5,143442,4
C001099,salaried_stable,35-45,Kolkata,personal,20917,5,63597,1
C001100,salaried_stable,45-55,Bengaluru,personal,36103,5,65321,2
C001101,salaried_stable,45-55,Kolkata,personal,15075,5,133619,5
C001102,gig_worker,25-35,Chennai,home,39027,5,72742,3
C001103,sme_owner,35-45,Chennai,credit_card,7252,5,58834,4
C001104,salaried_stable,25-35,Delhi,personal,16575,5,40113,4
C001105,gig_worker,45-55,Bengaluru,personal,17258,5,130784,2
C001106,salaried_stable,55+,Mumbai,home,26609,5,141108,4
C001107,salaried_stable,55+,Chennai,credit_card,11163,5,39425,2
C001108,pensioner,35-45,Delhi,home,13019,5,126353,4
C001109,salaried_stable,35-45,Delhi,personal,28173,5,49191,4
C001110,salaried_stable,45-55,Mumbai,personal,14962,5,46663,5
C001111,salaried_stable,45-55,Hyderabad,credit_card,35765,5,75718,5
C001112,salaried_stressed,55+,Kolkata,credit_card,35456,5,82402,1
C001113,pensioner,25-35,Bengaluru,credit_card,15596,5,132486,2
C001114,pensioner,25-35,Chennai,home,24598,5,113969,3
C001115,salaried_stable,35-45,Kolkata,credit_card,16650,5,47350,2
C001116,salaried_stable,35-45,Chennai,home,17070,5,100088,4
C001117,gig_worker,35-45,Chennai,personal,28462,5,135052,5
C001118,salaried_stable,55+,Bengaluru,home,15259,5,109452,2
C001119,sme_owner,25-35,Chennai,credit_card,10224,5,57567,5
C001120,salaried_stressed,55+,Chennai,home,14069,5,45460,5
C001121,salaried_stable,45-55,Hyderabad,credit_card,37530,5,84301,5
C001122,sme_owner,45-55,Chennai,credit_card,14076,5,86663,1
C001123,salaried_stable,45-55,Chennai,personal,17734,5,72328,2
C001124,salaried_stable,25-35,Mumbai,personal,27008,5,43111,1
C001125,salaried_stressed,45-55,Kolkata,personal,8541,5,44175,1
C001126,salaried_stressed,25-35,Kolkata,credit_card,14396,5,93478,1
C001127,salaried_stressed,45-55,Delhi,credit_card,11113,5,143317,3
C001128,salaried_stressed,45-55,Delhi,personal,37352,5,101752,1
C001129,pensioner,45-55,Kolkata,personal,37646,5,82581,2
C001130,pensioner,35-45,Delhi,home,31450,5,141754,5
C001131,salaried_stressed,35-45,Hyderabad,home,13649,5,112839,5
C001132,salaried_stable,35-45,Hyderabad,credit_card,26574,5,116149,5
C001133,gig_worker,25-35,Kolkata,credit_card,28179,5,99032,1
C001134,pensioner,45-55,Mumbai,personal,35428,5,121546,4
C001135,salaried_stable,25-35,Bengaluru,personal,10465,5,90205,4
C001136,salaried_stable,35-45,Chennai,home,30768,5,104647,1
C001137,salaried_stable,45-55,Kolkata,home,11793,5,103989,5
C001138,salaried_stable,25-35,Delhi,credit_card,24904,5,120318,3
C001139,salaried_stressed,55+,Delhi,home,35773,5,137801,5
C001140,salaried_stable,35-45,Delhi,home,7172,5,65311,1
C001141,gig_worker,25-35,Hyderabad,personal,10181,5,113917,4
C001142,sme_owner,45-55,Kolkata,personal,33459,5,33798,1
C001143,sme_owner,45-55,Mumbai,credit_card,5656,5,93897,5
C001144,salaried_stable,45-55,Delhi,credit_card,28979,5,137845,4
C001145,salaried_stable,55+,Delhi,personal,22543,5,107422,1
C001146,gig_worker,35-45,Kolkata,credit_card,17131,5,62123,2
C001147,gig_worker,55+,Bengaluru,home,35195,5,102767,2
C001148,salaried_stable,35-45,Delhi,home,34713,5,72929,1
C001149,sme_owner,45-55,Delhi,credit_card,16409,5,81974,1
C001150,salaried_stable,25-35,Chennai,credit_card,5154,5,57371,5
C001151,sme_owner,45-55,Bengaluru,personal,9485,5,104971,5
C001152,salaried_stable,35-45,Mumbai,personal,8757,5,53800,3
C001153,salaried_stable,45-55,Hyderabad,credit_card,39378,5,83228,5
C001154,salaried_stressed,55+,Bengaluru,credit_card,25891,5,142709,4
C001155,salaried_stable,55+,Delhi,personal,28685,5,120913,1
C001156,salaried_stable,55+,Hyderabad,credit_card,13081,5,79722,4
C001157,salaried_stable,25-35,Hyderabad,home,34774,5,146269,1
C001158,salaried_stable,25-35,Mumbai,home,30293,5,31673,5
C001159,gig_worker,55+,Mumbai,personal,31324,5,145183,2
C001160,salaried_stable,35-45,Mumbai,credit_card,21388,5,72255,1
C001161,salaried_stressed,25-35,Hyderabad,credit_card,29438,5,128488,2
C001162,sme_owner,35-45,Chennai,home,24041,5,143702,4
C001163,salaried_stable,55+,Hyderabad,credit_card,18459,5,102211,5
C001164,salaried_stable,35-45,Chennai,credit_card,25807,5,103259,3
C001165,sme_owner,25-35,Bengaluru,credit_card,16351,5,119919,1
C001166,sme_owner,45-55,Chennai,credit_card,38349,5,58769,5
C001167,salaried_stressed,25-35,Hyderabad,credit_card,30093,5,51365,4
C001168,gig_worker,35-45,Bengaluru,credit_card,30864,5,71240,3
C001169,salaried_stable,25-35,Kolkata,credit_card,30084,5,87482,3
C001170,salaried_stable,45-55,Kolkata,home,20692,5,119145,5
C001171,gig_worker,35-45,Hyderabad,credit_card,38270,5,60876,2
C001172,salaried_stable,55+,Kolkata,personal,12275,5,97774,1
C001173,gig_worker,35-45,Bengaluru,home,24903,5,30419,1
C001174,salaried_stressed,25-35,Mumbai,home,7429,5,33710,4
C001175,gig_worker,25-35,Bengaluru,credit_card,15311,5,146008,5
C001176,salaried_stable,25-35,Hyderabad,personal,25109,5,132035,4
C001177,salaried_stable,35-45,Hyderabad,home,22133,5,133661,4
C001178,salaried_stable,25-35,Bengaluru,personal,37940,5,69446,2
C001179,salaried_stable,35-45,Delhi,credit_card,26479,5,91643,3
C001180,gig_worker,55+,Bengaluru,credit_card,19401,5,110964,1
C001181,salaried_stable,55+,Hyderabad,personal,19935,5,60498,2
C001182,salaried_stable,45-55,Mumbai,credit_card,26405,5,119333,4
C001183,salaried_stable,55+,Delhi,home,32689,5,113157,5
C001184,salaried_stable,55+,Delhi,credit_card,14678,5,78872,5
C001185,sme_owner,45-55,Hyderabad,credit_card,25461,5,82176,5
C001186,salaried_stable,55+,Bengaluru,personal,25115,5,66882,1
C001187,pensioner,25-35,Mumbai,personal,5330,5,126401,5
C001188,salaried_stable,55+,Delhi,home,36947,5,148428,2
C001189,salaried_stressed,35-45,Mumbai,personal,24944,5,149942,4
C001190,salaried_stable,45-55,Bengaluru,personal,13472,5,122567,5
C001191,salaried_stable,55+,Kolkata,credit_card,27176,5,71889,5
C001192,sme_owner,35-45,Chennai,credit_card,28723,5,123729,4
C001193,pensioner,25-35,Kolkata,home,37034,5,59328,2
C001194,sme_owner,35-45,Hyderabad,personal,6192,5,137588,3
C001195,salaried_stable,35-45,Kolkata,personal,19480,5,62085,4
C001196,salaried_stable,55+,Delhi,credit_card,11305,5,78344,3
C001197,salaried_stressed,55+,Kolkata,personal,25106,5,41201,3
C001198,salaried_stable,45-55,Delhi,personal,22556,5,39762,3
C001199,gig_worker,55+,Bengaluru,home,21624,5,77285,3
C001200,salaried_stressed,35-45,Hyderabad,home,39370,5,96024,1
C001201,salaried_stressed,35-45,Delhi,home,23607,5,32091,5
C001202,sme_owner,55+,Delhi,home,19385,5,131540,1
C001203,gig_worker,45-55,Mumbai,credit_card,7355,5,43727,5
C001204,salaried_stable,45-55,Mumbai,home,15136,5,149808,1
C001205,salaried_stable,35-45,Chennai,credit_card,36404,5,62603,3
C001206,salaried_stressed,45-55,Kolkata,home,20808,5,75479,3
C001207,salaried_stable,55+,Delhi,home,36864,5,49183,3
C001208,salaried_stable,35-45,Bengaluru,home,23641,5,128930,3
C001209,salaried_stable,25-35,Kolkata,credit_card,24182,5,117859,5
C001210,gig_worker,25-35,Hyderabad,credit_card,20045,5,39426,1
C001211,sme_owner,25-35,Mumbai,personal,24479,5,42672,5
C001212,salaried_stressed,35-45,Chennai,credit_card,7333,5,103094,4
C001213,salaried_stable,45-55,Mumbai,credit_card,7014,5,133919,4
C001214,salaried_stable,55+,Delhi,credit_card,21652,5,43177,1
C001215,salaried_stressed,25-35,Delhi,personal,25928,5,56533,1
C001216,salaried_stable,55+,Chennai,credit_card,24280,5,95441,2
C001217,salaried_stressed,45-55,Delhi,personal,20020,5,43030,2
C001218,salaried_stressed,25-35,Delhi,personal,15290,5,66546,4
C001219,salaried_stable,35-45,Delhi,credit_card,29816,5,31212,5
C001220,salaried_stable,35-45,Bengaluru,personal,26164,5,89898,3
C001221,salaried_stable,55+,Chennai,credit_card,6649,5,115824,4
C001222,sme_owner,55+,Bengaluru,home,20833,5,79437,1
C001223,salaried_stressed,55+,Delhi,personal,29881,5,60794,4
C001224,salaried_stable,45-55,Chennai,personal,32446,5,80923,1
C001225,sme_owner,35-45,Chennai,credit_card,15041,5,91139,4
C001226,salaried_stable,35-45,Mumbai,credit_card,37374,5,49886,2
C001227,salaried_stable,55+,Kolkata,home,27809,5,43393,3
C001228,pensioner,25-35,Kolkata,credit_card,20318,5,51818,2
C001229,salaried_stable,35-45,Chennai,personal,26949,5,148235,3
C001230,salaried_stable,25-35,Chennai,home,35503,5,116754,5
C001231,salaried_stressed,35-45,Hyderabad,personal,12939,5,45046,5
C001232,salaried_stable,35-45,Bengaluru,home,10262,5,66163,2
C001233,salaried_stressed,25-35,Bengaluru,personal,20415,5,79431,2
C001234,salaried_stable,35-45,Bengaluru,home,7937,5,51744,3
C001235,salaried_stable,55+,Mumbai,home,34247,5,132197,4
C001236,salaried_stable,45-55,Kolkata,home,38965,5,142870,1
C001237,salaried_stable,55+,Delhi,home,26195,5,59386,4
C001238,salaried_stable,55+,Delhi,home,39294,5,31985,5
C001239,salaried_stable,55+,Kolkata,home,7405,5,62036,5
C001240,sme_owner,35-45,Chennai,personal,27139,5,99903,3
C001241,salaried_stable,55+,Chennai,personal,20501,5,127019,2
C001242,salaried_stable,55+,Delhi,home,14707,5,70745,2
C001243,salaried_stable,55+,Delhi,credit_card,15912,5,62800,4
C001244,salaried_stable,35-45,Hyderabad,credit_card,24081,5,59863,3
C001245,salaried_stable,25-35,Bengaluru,home,27457,5,30344,1
C001246,salaried_stressed,45-55,Mumbai,credit_card,10740,5,31682,4
C001247,salaried_stable,55+,Kolkata,credit_card,26509,5,81349,1
C001248,sme_owner,55+,Bengaluru,home,37428,5,104106,5
C001249,pensioner,45-55,Hyderabad,personal,5363,5,31504,3
C001250,salaried_stable,25-35,Bengaluru,home,35742,5,54033,2
C001251,salaried_stable,35-45,Chennai,home,26269,5,139175,1
C001252,salaried_stable,45-55,Hyderabad,personal,16977,5,148808,1
C001253,salaried_stressed,45-55,Kolkata,credit_card,30719,5,107017,5
C001254,salaried_stable,35-45,Delhi,credit_card,26622,5,92600,3
C001255,sme_owner,35-45,Hyderabad,personal,31905,5,99961,5
C001256,gig_worker,25-35,Kolkata,home,7845,5,74458,5
C001257,gig_worker,35-45,Chennai,personal,7064,5,54190,1
C001258,salaried_stressed,45-55,Mumbai,personal,27470,5,75113,2
C001259,pensioner,25-35,Delhi,personal,15628,5,113993,5
C001260,salaried_stable,55+,Delhi,home,13339,5,109515,3
C001261,salaried_stable,25-35,Mumbai,personal,19744,5,111270,3
C001262,salaried_stable,45-55,Hyderabad,personal,30382,5,103046,3
C001263,pensioner,35-45,Kolkata,home,11292,5,37255,4
C001264,salaried_stressed,55+,Chennai,home,39061,5,105175,5
C001265,gig_worker,55+,Chennai,personal,19725,5,135701,5
C001266,salaried_stable,45-55,Hyderabad,home,10270,5,107867,4
C001267,pensioner,45-55,Bengaluru,personal,7489,5,99529,3
C001268,salaried_stable,45-55,Bengaluru,credit_card,35004,5,56874,2
C001269,salaried_stable,45-55,Chennai,home,8962,5,125096,1
C001270,pensioner,25-35,Delhi,credit_card,19663,5,84188,4
C001271,salaried_stable,35-45,Mumbai,personal,28404,5,61549,1
C001272,salaried_stable,25-35,Chennai,credit_card,22958,5,88781,4
C001273,salaried_stressed,35-45,Hyderabad,home,14190,5,44645,3
C001274,salaried_stable,45-55,Mumbai,personal,8777,5,141167,4
C001275,salaried_stable,25-35,Delhi,credit_card,29899,5,114293,5
C001276,salaried_stable,25-35,Delhi,personal,22160,5,69186,3
C001277,salaried_stable,55+,Hyderabad,personal,6683,5,125265,3
C001278,sme_owner,35-45,Chennai,credit_card,11341,5,36500,3
C001279,salaried_stressed,25-35,Chennai,personal,24694,5,76324,2
C001280,salaried_stable,45-55,Chennai,home,10893,5,108166,1
C001281,salaried_stable,45-55,Delhi,personal,18700,5,32843,1
C001282,salaried_stable,55+,Hyderabad,personal,9358,5,115047,4
C001283,salaried_stressed,55+,Mumbai,personal,32893,5,128190,5
C001284,pensioner,55+,Mumbai,personal,27064,5,101295,1
C001285,pensioner,45-55,Hyderabad,home,32438,5,54731,2
C001286,salaried_stable,35-45,Chennai,home,6835,5,119890,4
C001287,salaried_stable,55+,Delhi,personal,18144,5,70683,4
C001288,salaried_stable,35-45,Bengaluru,home,14366,5,118307,4
C001289,salaried_stressed,35-45,Mumbai,personal,26794,5,105387,4
C001290,salaried_stable,55+,Hyderabad,home,33752,5,41209,1
C001291,salaried_stressed,55+,Hyderabad,credit_card,12964,5,41994,2
C001292,salaried_stressed,35-45,Delhi,credit_card,31940,5,31819,3
C001293,salaried_stable,45-55,Bengaluru,credit_card,25314,5,38639,1
C001294,salaried_stable,55+,Delhi,personal,33842,5,65958,2
C001295,salaried_stable,55+,Bengaluru,personal,7844,5,33084,2
C001296,salaried_stable,25-35,Delhi,credit_card,39682,5,142616,5
C001297,salaried_stable,45-55,Delhi,personal,20211,5,139996,2
C001298,gig_worker,25-35,Bengaluru,credit_card,14802,5,50712,5
C001299,salaried_stable,55+,Kolkata,home,11395,5,67365,4
C001300,salaried_stable,25-35,Hyderabad,personal,39471,5,119063,4
C001301,salaried_stressed,55+,Delhi,credit_card,35918,5,109279,5
C001302,gig_worker,25-35,Kolkata,home,9591,5,99794,5
C001303,salaried_stable,35-45,Delhi,credit_card,20571,5,148708,2
C001304,sme_owner,25-35,Kolkata,home,30673,5,105575,3
C001305,pensioner,55+,Delhi,personal,25677,5,110334,3
C001306,salaried_stressed,35-45,Chennai,credit_card,11616,5,90250,5
C001307,salaried_stressed,45-55,Delhi,personal,17613,5,93011,1
C001308,salaried_stable,25-35,Hyderabad,home,17884,5,64924,3
C001309,pensioner,35-45,Delhi,home,15105,5,92510,2
C001310,salaried_stable,55+,Kolkata,credit_card,38624,5,140180,2
C001311,pensioner,55+,Mumbai,credit_card,12102,5,75230,4
C001312,salaried_stressed,25-35,Chennai,home,29731,5,45986,2
C001313,salaried_stable,35-45,Mumbai,credit_card,36915,5,101973,4
C001314,salaried_stable,35-45,Kolkata,personal,32818,5,124223,5
C001315,salaried_stressed,45-55,Bengaluru,personal,32981,5,145054,4
C001316,salaried_stressed,45-55,Hyderabad,credit_card,10558,5,95059,1
C001317,salaried_stable,25-35,Kolkata,home,9664,5,124565,1
C001318,gig_worker,55+,Chennai,home,32402,5,60056,3
C001319,sme_owner,25-35,Mumbai,personal,31135,5,80907,3
C001320,salaried_stable,35-45,Delhi,personal,30966,5,80285,4
C001321,salaried_stable,55+,Delhi,credit_card,19648,5,69893,3
C001322,salaried_stable,45-55,Kolkata,credit_card,23320,5,115939,1
C001323,gig_worker,35-45,Kolkata,credit_card,5538,5,136023,5
C001324,salaried_stable,55+,Bengaluru,home,15185,5,69189,5
C001325,sme_owner,35-45,Kolkata,home,23492,5,46294,4
C001326,salaried_stable,45-55,Delhi,personal,9400,5,129051,4
C001327,salaried_stressed,25-35,Hyderabad,personal,9551,5,131950,5
C001328,salaried_stable,25-35,Bengaluru,home,6582,5,142189,3
C001329,salaried_stable,35-45,Delhi,home,12347,5,60609,1
C001330,gig_worker,45-55,Delhi,personal,39750,5,116284,4
C001331,salaried_stable,55+,Bengaluru,home,29361,5,115875,3
C001332,salaried_stressed,35-45,Bengaluru,home,38188,5,124802,4
C001333,pensioner,55+,Delhi,credit_card,13999,5,126746,4
C001334,pensioner,45-55,Bengaluru,credit_card,25959,5,144301,3
C001335,sme_owner,25-35,Mumbai,home,36216,5,87239,2
C001336,salaried_stable,45-55,Kolkata,home,17321,5,39109,3
C001337,salaried_stressed,45-55,Bengaluru,credit_card,28000,5,53074,4
C001338,sme_owner,35-45,Mumbai,credit_card,29249,5,136394,4
C001339,salaried_stable,35-45,Chennai,personal,34129,5,131372,3
C001340,salaried_stable,35-45,Kolkata,credit_card,38931,5,31328,3
C001341,gig_worker,45-55,Bengaluru,personal,26531,5,74101,5
C001342,salaried_stable,45-55,Kolkata,home,25388,5,59421,2
C001343,salaried_stressed,35-45,Chennai,personal,35409,5,68481,1
C001344,pensioner,35-45,Hyderabad,credit_card,28958,5,106655,4
C001345,salaried_stressed,35-45,Delhi,personal,17658,5,91201,5
C001346,salaried_stable,35-45,Mumbai,credit_card,27054,5,87707,4
C001347,salaried_stable,35-45,Bengaluru,personal,24219,5,82210,3
C001348,salaried_stable,35-45,Kolkata,personal,13006,5,106993,2
C001349,salaried_stable,45-55,Hyderabad,home,23056,5,111966,3
C001350,gig_worker,25-35,Hyderabad,credit_card,26824,5,35216,1
C001351,sme_owner,45-55,Kolkata,personal,36632,5,46463,3
C001352,salaried_stable,25-35,Bengaluru,personal,25316,5,70940,2
C001353,salaried_stable,35-45,Delhi,personal,10772,5,82282,2
C001354,sme_owner,55+,Kolkata,home,39567,5,149546,3
C001355,salaried_stable,55+,Chennai,personal,25232,5,137004,5
C001356,salaried_stressed,45-55,Delhi,credit_card,15048,5,107852,2
C001357,salaried_stable,45-55,Delhi,personal,31405,5,34327,5
C001358,salaried_stressed,25-35,Kolkata,credit_card,18464,5,42082,3
C001359,salaried_stable,35-45,Mumbai,credit_card,17951,5,84880,5
C001360,salaried_stressed,45-55,Mumbai,credit_card,34380,5,100445,2
C001361,salaried_stable,55+,Hyderabad,credit_card,35365,5,109263,5
C001362,salaried_stressed,45-55,Mumbai,credit_card,23337,5,47032,4
C001363,salaried_stable,55+,Delhi,personal,18055,5,136525,4
C001364,salaried_stable,35-45,Kolkata,home,35214,5,89186,3
C001365,salaried_stressed,25-35,Bengaluru,credit_card,11065,5,101254,3
C001366,salaried_stable,25-35,Hyderabad,home,31151,5,34717,3
C001367,salaried_stable,45-55,Bengaluru,credit_card,25441,5,128938,5
C001368,salaried_stable,45-55,Mumbai,credit_card,34891,5,95166,4
C001369,salaried_stable,35-45,Delhi,credit_card,19719,5,56722,1
C001370,salaried_stable,55+,Hyderabad,personal,34120,5,68262,4
C001371,pensioner,45-55,Mumbai,home,5531,5,72337,5
C001372,salaried_stable,35-45,Chennai,personal,31539,5,33246,4
C001373,gig_worker,25-35,Bengaluru,personal,7444,5,143055,3
C001374,pensioner,45-55,Bengaluru,personal,27484,5,126358,2
C001375,salaried_stable,45-55,Kolkata,home,11834,5,136317,4
C001376,salaried_stressed,25-35,Chennai,home,38721,5,72436,4
C001377,sme_owner,35-45,Chennai,credit_card,31926,5,96954,2
C001378,salaried_stressed,35-45,Bengaluru,credit_card,8661,5,84991,3
C001379,salaried_stable,45-55,Bengaluru,credit_card,36221,5,87058,2
C001380,salaried_stable,25-35,Hyderabad,personal,13817,5,100671,1
C001381,salaried_stable,55+,Mumbai,home,24097,5,84128,1
C001382,salaried_stressed,35-45,Delhi,credit_card,7984,5,122789,1
C001383,pensioner,35-45,Chennai,personal,8694,5,37054,3
C001384,pensioner,25-35,Chennai,home,13446,5,53117,3
C001385,salaried_stable,55+,Mumbai,credit_card,23704,5,137085,3
C001386,gig_worker,25-35,Hyderabad,credit_card,24001,5,135881,5
C001387,salaried_stable,55+,Chennai,credit_card,34946,5,128177,2
C001388,pensioner,35-45,Delhi,home,10779,5,74250,2
C001389,salaried_stable,55+,Hyderabad,home,31231,5,84750,2
C001390,pensioner,25-35,Kolkata,home,5205,5,33032,2
C001391,sme_owner,25-35,Bengaluru,credit_card,15188,5,63532,3
C001392,salaried_stable,55+,Delhi,home,11125,5,117172,2
C001393,salaried_stable,55+,Delhi,home,9336,5,71150,2
C001394,sme_owner,45-55,Chennai,personal,25458,5,87631,4
C001395,salaried_stable,25-35,Mumbai,home,36523,5,44779,5
C001396,salaried_stressed,55+,Bengaluru,personal,28344,5,89565,2
C001397,pensioner,35-45,Mumbai,home,34893,5,116614,1
C001398,salaried_stressed,55+,Mumbai,credit_card,25700,5,98655,2
C001399,salaried_stable,55+,Bengaluru,credit_card,6880,5,96800,3
C001400,salaried_stable,55+,Hyderabad,home,17109,5,139750,5
C001401,salaried_stable,45-55,Kolkata,credit_card,33828,5,58092,1
C001402,pensioner,45-55,Mumbai,credit_card,6547,5,65933,1
C001403,salaried_stable,45-55,Delhi,home,8402,5,104760,3
C001404,salaried_stable,25-35,Bengaluru,credit_card,34183,5,87622,5
C001405,salaried_stable,35-45,Chennai,home,7214,5,147507,3
C001406,pensioner,45-55,Kolkata,credit_card,38580,5,37161,5
C001407,salaried_stable,55+,Hyderabad,home,31551,5,44687,4
C001408,sme_owner,45-55,Chennai,personal,28279,5,71039,1
C001409,gig_worker,45-55,Mumbai,personal,23770,5,85018,3
C001410,sme_owner,25-35,Mumbai,credit_card,8126,5,136854,4
C001411,pensioner,35-45,Mumbai,personal,19509,5,89299,3
C001412,sme_owner,45-55,Chennai,credit_card,33271,5,82458,1
C001413,pensioner,55+,Delhi,personal,36635,5,50015,1
C001414,salaried_stable,35-45,Delhi,home,20644,5,82109,4
C001415,gig_worker,25-35,Hyderabad,home,34375,5,93789,3
C001416,salaried_stressed,35-45,Hyderabad,home,32180,5,100054,3
C001417,salaried_stressed,25-35,Bengaluru,personal,7016,5,102717,2
C001418,sme_owner,45-55,Kolkata,personal,26706,5,81556,2
C001419,pensioner,45-55,Hyderabad,home,26563,5,48881,4
C001420,gig_worker,55+,Hyderabad,home,24000,5,48327,1
C001421,salaried_stable,55+,Kolkata,credit_card,32029,5,48566,3
C001422,salaried_stable,25-35,Delhi,home,36132,5,104230,2
C001423,salaried_stable,25-35,Hyderabad,personal,24267,5,132761,4
C001424,salaried_stable,35-45,Kolkata,personal,16213,5,135973,4
C001425,salaried_stable,25-35,Kolkata,home,39405,5,67366,3
C001426,salaried_stable,55+,Chennai,home,38726,5,39555,2
C001427,salaried_stable,25-35,Hyderabad,credit_card,29011,5,105640,2
C001428,gig_worker,25-35,Kolkata,home,27422,5,34605,2
C001429,salaried_stable,55+,Kolkata,home,8645,5,105212,2
C001430,pensioner,55+,Kolkata,personal,19056,5,75972,4
C001431,salaried_stressed,25-35,Hyderabad,personal,11940,5,130700,1
C001432,salaried_stable,35-45,Bengaluru,credit_card,23021,5,105044,1
C001433,salaried_stable,45-55,Hyderabad,home,33918,5,118787,3
C001434,salaried_stable,45-55,Bengaluru,home,12858,5,78686,2
C001435,pensioner,55+,Hyderabad,home,39886,5,130869,5
C001436,salaried_stable,35-45,Hyderabad,personal,9533,5,93015,4
C001437,salaried_stressed,25-35,Kolkata,home,8441,5,105025,4
C001438,pensioner,35-45,Chennai,home,39106,5,73275,3
C001439,pensioner,45-55,Bengaluru,personal,8511,5,83934,3
C001440,salaried_stable,45-55,Mumbai,home,30731,5,130817,3
C001441,salaried_stable,45-55,Chennai,home,31718,5,77227,1
C001442,salaried_stable,55+,Chennai,personal,16553,5,32565,3
C001443,salaried_stable,55+,Chennai,home,7252,5,75483,5
C001444,salaried_stable,35-45,Hyderabad,credit_card,15796,5,77035,2
C001445,salaried_stressed,35-45,Kolkata,personal,7399,5,80207,1
C001446,pensioner,45-55,Mumbai,credit_card,28528,5,38479,3
C001447,salaried_stressed,35-45,Bengaluru,home,36108,5,45517,2
C001448,salaried_stressed,35-45,Hyderabad,credit_card,39897,5,68884,4
C001449,salaried_stable,25-35,Hyderabad,personal,33015,5,80875,5
C001450,gig_worker,35-45,Hyderabad,credit_card,32112,5,33481,5
C001451,salaried_stressed,45-55,Hyderabad,home,35854,5,76733,2
C001452,sme_owner,55+,Kolkata,credit_card,31945,5,68415,5
C001453,pensioner,55+,Kolkata,credit_card,27767,5,34148,1
C001454,salaried_stable,35-45,Chennai,personal,39868,5,60048,2
C001455,salaried_stable,25-35,Delhi,personal,16288,5,63015,2
C001456,salaried_stable,25-35,Chennai,personal,19446,5,47223,5
C001457,salaried_stable,35-45,Hyderabad,home,36720,5,120228,4
C001458,pensioner,45-55,Mumbai,credit_card,15885,5,38684,2
C001459,salaried_stable,55+,Hyderabad,home,15455,5,99353,1
C001460,gig_worker,55+,Chennai,personal,10322,5,109840,4
C001461,salaried_stressed,25-35,Kolkata,personal,14642,5,126740,4
C001462,salaried_stable,45-55,Delhi,home,25777,5,95469,5
C001463,salaried_stable,35-45,Kolkata,credit_card,36024,5,95122,3
C001464,salaried_stressed,25-35,Bengaluru,personal,9769,5,121296,1
C001465,salaried_stressed,45-55,Chennai,home,28828,5,132490,2
C001466,salaried_stable,25-35,Chennai,home,31821,5,55313,4
C001467,salaried_stable,35-45,Chennai,personal,36348,5,125528,2
C001468,gig_worker,45-55,Kolkata,credit_card,31251,5,85484,1
C001469,salaried_stable,35-45,Delhi,credit_card,10456,5,41794,5
C001470,pensioner,45-55,Hyderabad,home,22111,5,103491,3
C001471,salaried_stable,35-45,Kolkata,credit_card,38330,5,147240,2
C001472,salaried_stable,55+,Delhi,credit_card,36794,5,46884,3
C001473,salaried_stable,25-35,Delhi,credit_card,26445,5,31769,4
C001474,salaried_stressed,25-35,Bengaluru,personal,38711,5,139982,1
C001475,salaried_stressed,45-55,Hyderabad,personal,28381,5,101620,3
C001476,salaried_stable,35-45,Kolkata,home,7271,5,56291,2
C001477,pensioner,45-55,Hyderabad,personal,36992,5,125101,1
C001478,salaried_stable,25-35,Hyderabad,personal,10885,5,77241,1
C001479,salaried_stable,45-55,Bengaluru,home,18326,5,69827,3
C001480,salaried_stable,55+,Chennai,home,13333,5,64776,3
C001481,salaried_stable,25-35,Delhi,personal,30185,5,101828,3
C001482,salaried_stressed,35-45,Bengaluru,personal,6049,5,46145,4
C001483,salaried_stable,55+,Delhi,personal,27411,5,73454,3
C001484,salaried_stressed,45-55,Mumbai,home,35253,5,66609,3
C001485,salaried_stable,25-35,Kolkata,credit_card,32571,5,37273,5
C001486,pensioner,25-35,Hyderabad,home,15744,5,121578,4
C001487,salaried_stable,55+,Chennai,personal,36392,5,31015,5
C001488,sme_owner,55+,Mumbai,home,17671,5,145166,2
C001489,salaried_stable,35-45,Mumbai,personal,28802,5,41383,4
C001490,salaried_stable,35-45,Mumbai,personal,22733,5,72988,4
C001491,sme_owner,55+,Hyderabad,personal,7367,5,41809,3
C001492,salaried_stressed,25-35,Delhi,home,5102,5,74025,1
C001493,gig_worker,25-35,Delhi,home,11409,5,103306,3
C001494,salaried_stable,55+,Kolkata,home,37712,5,40497,5
C001495,salaried_stressed,25-35,Kolkata,home,38389,5,93103,4
C001496,sme_owner,55+,Hyderabad,home,19353,5,122625,1
C001497,salaried_stressed,35-45,Delhi,credit_card,38902,5,84655,2
C001498,salaried_stable,55+,Chennai,credit_card,6730,5,43493,3
C001499,salaried_stressed,25-35,Delhi,personal,38859,5,113030,5
C001500,salaried_stressed,55+,Kolkata,credit_card,13082,5,52377,3
C001501,pensioner,25-35,Mumbai,personal,6287,5,32019,5
C001502,salaried_stable,25-35,Hyderabad,personal,31525,5,82414,4
C001503,salaried_stable,45-55,Chennai,home,18385,5,62518,2
C001504,gig_worker,45-55,Hyderabad,personal,15231,5,33417,1
C001505,salaried_stressed,55+,Bengaluru,home,31588,5,123287,5
C001506,gig_worker,25-35,Mumbai,personal,16657,5,101967,3
C001507,salaried_stable,25-35,Hyderabad,home,31351,5,139197,5
C001508,salaried_stable,45-55,Chennai,credit_card,11833,5,87644,5
C001509,gig_worker,55+,Bengaluru,credit_card,8006,5,82600,3
C001510,salaried_stable,35-45,Bengaluru,personal,16372,5,131115,1
C001511,salaried_stable,55+,Bengaluru,home,26332,5,39778,5
C001512,salaried_stressed,55+,Bengaluru,home,12874,5,73400,3
C001513,gig_worker,55+,Delhi,home,10000,5,125847,1
C001514,sme_owner,45-55,Delhi,home,31220,5,65104,3
C001515,salaried_stable,45-55,Delhi,credit_card,22262,5,136220,1
C001516,salaried_stable,45-55,Mumbai,home,20100,5,64083,2
C001517,pensioner,45-55,Kolkata,personal,13388,5,79639,2
C001518,salaried_stable,45-55,Delhi,credit_card,5619,5,137683,3
C001519,salaried_stable,45-55,Mumbai,credit_card,6860,5,59202,3
C001520,salaried_stable,35-45,Mumbai,personal,28852,5,146173,5
C001521,salaried_stressed,45-55,Kolkata,home,7800,5,35276,2
C001522,sme_owner,55+,Bengaluru,credit_card,13642,5,61895,4
C001523,gig_worker,55+,Delhi,home,36881,5,100929,5
C001524,gig_worker,45-55,Bengaluru,home,17039,5,101293,4
C001525,salaried_stable,25-35,Mumbai,credit_card,31062,5,139184,2
C001526,salaried_stable,45-55,Delhi,credit_card,17016,5,145177,4
C001527,salaried_stable,35-45,Delhi,home,37613,5,111346,2
C001528,salaried_stable,25-35,Hyderabad,personal,33765,5,109168,3
C001529,salaried_stable,25-35,Mumbai,home,21449,5,68069,4
C001530,salaried_stable,45-55,Bengaluru,credit_card,28954,5,126678,2
C001531,salaried_stable,55+,Hyderabad,personal,19465,5,107146,1
C001532,salaried_stressed,45-55,Kolkata,home,38054,5,32888,5
C001533,gig_worker,35-45,Chennai,home,17544,5,129848,4
C001534,salaried_stable,25-35,Delhi,personal,34276,5,73159,1
C001535,salaried_stable,45-55,Bengaluru,home,26570,5,87099,2
C001536,gig_worker,25-35,Delhi,credit_card,27529,5,88331,2
C001537,gig_worker,55+,Chennai,personal,17304,5,128369,5
C001538,gig_worker,55+,Delhi,home,34150,5,62151,5
C001539,salaried_stable,55+,Chennai,credit_card,31119,5,77029,4
C001540,sme_owner,35-45,Chennai,personal,33535,5,34694,3
C001541,salaried_stable,25-35,Kolkata,home,33046,5,71820,1
C001542,salaried_stable,35-45,Bengaluru,personal,10516,5,40604,2
C001543,salaried_stable,55+,Kolkata,home,35654,5,99958,1
C001544,salaried_stable,25-35,Bengaluru,home,34464,5,137183,4
C001545,salaried_stable,55+,Hyderabad,personal,13498,5,85762,1
C001546,salaried_stable,25-35,Chennai,personal,39357,5,139452,4
C001547,gig_worker,25-35,Hyderabad,home,23445,5,147253,5
C001548,salaried_stable,25-35,Bengaluru,credit_card,16266,5,36456,2
C001549,salaried_stable,55+,Hyderabad,personal,12820,5,91966,4
C001550,salaried_stable,45-55,Bengaluru,credit_card,17765,5,93393,5
C001551,salaried_stable,35-45,Bengaluru,personal,6314,5,76220,3
C001552,salaried_stable,45-55,Bengaluru,home,29174,5,129656,3
C001553,salaried_stable,45-55,Hyderabad,home,29773,5,77392,2
C001554,salaried_stable,45-55,Chennai,home,28372,5,36622,3
C001555,gig_worker,45-55,Mumbai,personal,24214,5,95752,5
C001556,pensioner,25-35,Hyderabad,credit_card,17696,5,54229,4
C001557,salaried_stable,35-45,Hyderabad,personal,30337,5,72589,2
C001558,salaried_stressed,45-55,Mumbai,credit_card,35498,5,90226,3
C001559,sme_owner,25-35,Kolkata,home,8066,5,116748,4
C001560,pensioner,35-45,Chennai,home,18400,5,63379,1
C001561,salaried_stressed,25-35,Mumbai,personal,39843,5,75679,4
C001562,sme_owner,55+,Bengaluru,home,35168,5,38148,2
C001563,pensioner,25-35,Kolkata,credit_card,39802,5,76097,2
C001564,gig_worker,25-35,Delhi,credit_card,11415,5,99627,3
C001565,salaried_stable,45-55,Kolkata,credit_card,21274,5,104036,3
C001566,salaried_stable,25-35,Bengaluru,personal,9562,5,65188,5
C001567,salaried_stable,35-45,Delhi,home,35312,5,37301,2
C001568,salaried_stable,35-45,Bengaluru,home,23158,5,99277,2
C001569,salaried_stable,25-35,Chennai,credit_card,13524,5,108642,2
C001570,salaried_stable,55+,Hyderabad,credit_card,8161,5,40220,5
C001571,salaried_stressed,45-55,Kolkata,credit_card,30814,5,90596,5
C001572,salaried_stressed,25-35,Delhi,personal,33414,5,41410,3
C001573,sme_owner,45-55,Kolkata,personal,35772,5,84363,4
C001574,salaried_stable,45-55,Chennai,credit_card,38998,5,106901,5
C001575,salaried_stable,45-55,Mumbai,credit_card,33513,5,116310,5
C001576,gig_worker,45-55,Kolkata,home,32521,5,115654,4
C001577,sme_owner,55+,Bengaluru,personal,33412,5,120990,3
C001578,pensioner,35-45,Chennai,personal,39954,5,58948,5
C001579,sme_owner,35-45,Hyderabad,credit_card,21205,5,131551,2
C001580,sme_owner,45-55,Mumbai,home,31550,5,71960,2
C001581,salaried_stable,55+,Delhi,home,33699,5,74976,4
C001582,salaried_stable,45-55,Hyderabad,credit_card,9069,5,124510,1
C001583,salaried_stable,25-35,Delhi,personal,29174,5,69244,3
C001584,salaried_stressed,35-45,Mumbai,credit_card,16859,5,38984,5
C001585,pensioner,45-55,Mumbai,personal,9635,5,115721,1
C001586,salaried_stable,25-35,Hyderabad,credit_card,10962,5,109452,5
C001587,salaried_stressed,55+,Mumbai,credit_card,8996,5,99816,3
C001588,salaried_stable,55+,Mumbai,home,36421,5,47193,5
C001589,salaried_stable,55+,Chennai,personal,32017,5,105816,4
C001590,salaried_stable,25-35,Mumbai,personal,8575,5,53809,1
C001591,salaried_stable,45-55,Chennai,personal,26891,5,96662,4
C001592,pensioner,45-55,Chennai,credit_card,28115,5,90950,1
C001593,salaried_stable,45-55,Chennai,personal,23178,5,122723,2
C001594,sme_owner,55+,Bengaluru,home,26213,5,147189,5
C001595,salaried_stressed,35-45,Hyderabad,home,36754,5,52804,5
C001596,salaried_stable,45-55,Chennai,credit_card,23159,5,43765,1
C001597,salaried_stable,45-55,Bengaluru,credit_card,28085,5,96685,2
C001598,gig_worker,55+,Mumbai,home,24988,5,144238,1
C001599,salaried_stable,55+,Delhi,credit_card,18865,5,48972,2
C001600,pensioner,35-45,Mumbai,home,36179,5,88486,5
C001601,salaried_stable,55+,Mumbai,home,19487,5,78870,1
C001602,salaried_stressed,25-35,Delhi,personal,32998,5,68164,4
C001603,gig_worker,35-45,Delhi,personal,26183,5,109679,5
C001604,salaried_stable,45-55,Mumbai,home,28973,5,65458,5
C001605,salaried_stable,25-35,Delhi,personal,31609,5,89168,2
C001606,pensioner,35-45,Chennai,personal,30757,5,131448,4
C001607,salaried_stable,45-55,Delhi,home,24752,5,75550,3
C001608,salaried_stable,45-55,Delhi,home,26541,5,32532,1
C001609,salaried_stable,25-35,Mumbai,credit_card,22806,5,136196,2
C001610,salaried_stable,35-45,Mumbai,credit_card,16869,5,62940,4
C001611,gig_worker,25-35,Mumbai,credit_card,30441,5,122739,4
C001612,gig_worker,45-55,Bengaluru,personal,35760,5,121533,3
C001613,salaried_stable,35-45,Chennai,home,29684,5,93154,4
C001614,sme_owner,45-55,Hyderabad,credit_card,32025,5,40538,4
C001615,salaried_stable,45-55,Chennai,home,34062,5,144006,2
C001616,salaried_stable,55+,Chennai,home,17857,5,111704,2
C001617,salaried_stressed,25-35,Kolkata,home,7189,5,80923,5
C001618,pensioner,55+,Delhi,home,16815,5,132466,5
C001619,salaried_stable,25-35,Hyderabad,home,31423,5,124568,1
C001620,salaried_stable,25-35,Kolkata,personal,33550,5,121236,4
C001621,salaried_stressed,25-35,Chennai,home,22981,5,50152,1
C001622,gig_worker,25-35,Kolkata,personal,32250,5,105941,5
C001623,salaried_stable,55+,Mumbai,credit_card,7614,5,64295,3
C001624,salaried_stable,25-35,Kolkata,credit_card,27544,5,39418,4
C001625,gig_worker,45-55,Chennai,home,28765,5,70570,4
C001626,salaried_stable,35-45,Delhi,home,22774,5,42483,4
C001627,salaried_stable,25-35,Mumbai,credit_card,30078,5,42698,2
C001628,salaried_stable,35-45,Hyderabad,home,22201,5,117244,5
C001629,salaried_stable,25-35,Bengaluru,home,23326,5,90216,3
C001630,salaried_stable,35-45,Delhi,personal,26138,5,77744,3
C001631,sme_owner,45-55,Bengaluru,personal,32782,5,53071,2
C001632,salaried_stressed,45-55,Kolkata,personal,13704,5,122514,1
C001633,salaried_stressed,35-45,Bengaluru,personal,15508,5,106102,3
C001634,pensioner,55+,Mumbai,credit_card,19659,5,100270,2
C001635,salaried_stable,45-55,Delhi,home,12066,5,52811,4
C001636,salaried_stable,35-45,Mumbai,credit_card,16697,5,44825,2
C001637,pensioner,35-45,Hyderabad,home,17275,5,44820,5
C001638,salaried_stable,25-35,Hyderabad,credit_card,15998,5,33004,4
C001639,gig_worker,55+,Kolkata,home,19351,5,146290,3
C001640,gig_worker,55+,Chennai,home,22667,5,74128,4
C001641,salaried_stable,35-45,Hyderabad,credit_card,29357,5,108988,4
C001642,salaried_stable,45-55,Bengaluru,home,15602,5,147869,4
C001643,salaried_stable,45-55,Chennai,personal,34593,5,142374,3
C001644,salaried_stable,45-55,Mumbai,home,21779,5,68469,5
C001645,salaried_stable,25-35,Chennai,home,30232,5,88786,2
C001646,salaried_stable,55+,Chennai,home,9018,5,85564,3
C001647,gig_worker,55+,Mumbai,credit_card,11089,5,34008,2
C001648,pensioner,55+,Chennai,credit_card,20874,5,122195,3
C001649,gig_worker,55+,Hyderabad,home,17817,5,98924,5
C001650,salaried_stable,55+,Bengaluru,personal,22364,5,74574,4
C001651,salaried_stable,45-55,Chennai,home,10544,5,96999,2
C001652,salaried_stable,25-35,Delhi,credit_card,21576,5,118254,5
C001653,salaried_stable,35-45,Delhi,personal,29035,5,31797,4
C001654,pensioner,25-35,Mumbai,credit_card,30495,5,107525,3
C001655,salaried_stable,25-35,Delhi,home,13686,5,133349,1
C001656,salaried_stable,55+,Hyderabad,credit_card,17055,5,117168,3
C001657,sme_owner,55+,Kolkata,credit_card,23388,5,104396,5
C001658,salaried_stable,45-55,Chennai,credit_card,23129,5,40865,3
C001659,salaried_stable,45-55,Chennai,credit_card,32714,5,119362,1
C001660,salaried_stable,25-35,Chennai,personal,18660,5,120080,1
C001661,salaried_stressed,25-35,Bengaluru,home,28482,5,89270,5
C001662,gig_worker,55+,Bengaluru,personal,35931,5,99919,3
C001663,salaried_stable,35-45,Chennai,personal,15443,5,104208,4
C001664,pensioner,45-55,Hyderabad,personal,33804,5,44534,2
C001665,sme_owner,35-45,Bengaluru,credit_card,16650,5,60896,1
C001666,sme_owner,25-35,Chennai,home,16703,5,125076,3
C001667,salaried_stable,55+,Bengaluru,credit_card,27867,5,146850,4
C001668,salaried_stable,55+,Delhi,personal,26762,5,62411,2
C001669,sme_owner,45-55,Delhi,personal,24231,5,78086,4
C001670,salaried_stable,35-45,Mumbai,credit_card,13092,5,139835,3
C001671,salaried_stressed,45-55,Bengaluru,credit_card,8373,5,49479,2
C001672,gig_worker,55+,Hyderabad,credit_card,36813,5,61341,2
C001673,salaried_stable,45-55,Hyderabad,personal,35589,5,36709,2
C001674,gig_worker,35-45,Kolkata,home,36033,5,58172,2
C001675,pensioner,35-45,Mumbai,personal,22941,5,106340,4
C001676,gig_worker,45-55,Hyderabad,credit_card,35958,5,71786,2
C001677,salaried_stable,35-45,Hyderabad,personal,21567,5,148005,4
C001678,sme_owner,45-55,Bengaluru,credit_card,7642,5,136986,2
C001679,salaried_stressed,25-35,Delhi,personal,11945,5,137495,2
C001680,gig_worker,25-35,Bengaluru,personal,14541,5,117164,5
C001681,sme_owner,55+,Hyderabad,credit_card,18194,5,114252,5
C001682,gig_worker,35-45,Kolkata,home,37866,5,91160,3
C001683,salaried_stable,35-45,Chennai,home,16648,5,148871,2
C001684,salaried_stable,45-55,Chennai,home,26441,5,41443,4
C001685,salaried_stable,35-45,Chennai,personal,14475,5,116739,1
C001686,salaried_stressed,55+,Mumbai,credit_card,27514,5,46830,3
C001687,salaried_stressed,25-35,Chennai,home,24859,5,70710,3
C001688,salaried_stressed,55+,Mumbai,personal,10265,5,60674,4
C001689,salaried_stable,25-35,Kolkata,home,21179,5,102146,1
C001690,gig_worker,35-45,Kolkata,personal,8688,5,124465,1
C001691,pensioner,45-55,Chennai,personal,36121,5,39571,2
C001692,salaried_stable,55+,Bengaluru,home,29644,5,102198,1
C001693,gig_worker,25-35,Hyderabad,personal,37947,5,56601,3
C001694,salaried_stressed,45-55,Chennai,personal,35646,5,39239,5
C001695,salaried_stressed,25-35,Hyderabad,home,12681,5,80104,2
C001696,salaried_stable,25-35,Chennai,home,29752,5,99751,3
C001697,gig_worker,55+,Delhi,personal,8503,5,54218,2
C001698,pensioner,45-55,Mumbai,credit_card,38620,5,76776,1
C001699,gig_worker,35-45,Delhi,credit_card,32486,5,144420,4
C001700,pensioner,45-55,Chennai,personal,28816,5,71610,2
C001701,pensioner,35-45,Bengaluru,personal,39820,5,149471,3
C001702,salaried_stable,35-45,Chennai,home,34641,5,130106,4
C001703,salaried_stressed,35-45,Delhi,credit_card,35226,5,74512,5
C001704,salaried_stable,35-45,Kolkata,personal,8504,5,99216,1
C001705,pensioner,55+,Bengaluru,credit_card,5829,5,115107,3
C001706,salaried_stable,35-45,Kolkata,personal,38638,5,85757,5
C001707,salaried_stable,35-45,Bengaluru,personal,13794,5,78932,3
C001708,sme_owner,45-55,Bengaluru,credit_card,19924,5,69568,1
C001709,salaried_stable,55+,Chennai,personal,6516,5,46741,2
C001710,gig_worker,35-45,Delhi,personal,26807,5,32991,4
C001711,salaried_stable,55+,Delhi,credit_card,33727,5,70431,4
C001712,pensioner,35-45,Bengaluru,home,34461,5,125488,2
C001713,sme_owner,45-55,Hyderabad,home,25349,5,58004,1
C001714,salaried_stable,55+,Mumbai,credit_card,28146,5,51569,2
C001715,gig_worker,35-45,Bengaluru,home,22980,5,69369,2
C001716,salaried_stable,25-35,Hyderabad,home,20615,5,101867,4
C001717,salaried_stressed,45-55,Hyderabad,personal,24405,5,55802,5
C001718,salaried_stressed,25-35,Bengaluru,home,37756,5,56447,1
C001719,sme_owner,35-45,Mumbai,personal,13835,5,43481,4
C001720,salaried_stable,55+,Mumbai,credit_card,21456,5,69865,4
C001721,salaried_stable,35-45,Bengaluru,home,26057,5,56091,4
C001722,gig_worker,45-55,Hyderabad,personal,24955,5,129744,5
C001723,salaried_stressed,45-55,Mumbai,credit_card,6073,5,138690,1
C001724,salaried_stable,25-35,Kolkata,personal,15056,5,74460,4
C001725,salaried_stable,35-45,Hyderabad,personal,27610,5,40226,1
C001726,salaried_stable,45-55,Mumbai,credit_card,29293,5,40494,5
C001727,sme_owner,25-35,Bengaluru,credit_card,30705,5,68970,3
C001728,salaried_stable,35-45,Delhi,credit_card,39697,5,85616,1
C001729,salaried_stable,35-45,Kolkata,home,28555,5,93413,4
C001730,pensioner,55+,Chennai,credit_card,25288,5,66496,4
C001731,salaried_stable,25-35,Delhi,personal,16624,5,72541,3
C001732,gig_worker,55+,Delhi,home,17964,5,64042,2
C001733,salaried_stable,35-45,Chennai,personal,33919,5,92112,1
C001734,sme_owner,45-55,Mumbai,home,21404,5,113628,5
C001735,gig_worker,45-55,Delhi,personal,30044,5,35210,1
C001736,sme_owner,35-45,Mumbai,personal,9344,5,87445,5
C001737,salaried_stable,55+,Chennai,home,9490,5,107828,3
C001738,salaried_stressed,25-35,Hyderabad,credit_card,12541,5,110706,4
C001739,gig_worker,25-35,Bengaluru,home,11830,5,97617,4
C001740,salaried_stable,55+,Mumbai,home,26244,5,93017,5
C001741,salaried_stable,45-55,Bengaluru,home,27298,5,111715,1
C001742,salaried_stable,55+,Kolkata,home,24526,5,75404,5
C001743,pensioner,35-45,Delhi,personal,15129,5,98070,1
C001744,gig_worker,25-35,Mumbai,home,25183,5,68335,5
C001745,salaried_stressed,25-35,Mumbai,credit_card,9180,5,82548,2
C001746,gig_worker,35-45,Hyderabad,personal,21549,5,44890,5
C001747,salaried_stressed,25-35,Mumbai,home,10423,5,72016,1
C001748,salaried_stable,55+,Chennai,credit_card,7686,5,47049,3
C001749,salaried_stable,25-35,Kolkata,home,10796,5,57172,3
C001750,salaried_stressed,55+,Chennai,personal,8889,5,80335,5
C001751,salaried_stable,25-35,Bengaluru,home,21722,5,90008,1
C001752,sme_owner,25-35,Delhi,credit_card,24103,5,143038,1
C001753,gig_worker,35-45,Mumbai,personal,26258,5,33126,4
C001754,salaried_stable,25-35,Mumbai,home,20390,5,137827,1
C001755,salaried_stressed,35-45,Kolkata,credit_card,11174,5,69388,4
C001756,salaried_stable,35-45,Mumbai,personal,5731,5,116899,1
C001757,pensioner,45-55,Mumbai,home,29937,5,111344,5
C001758,pensioner,45-55,Hyderabad,credit_card,39396,5,146501,3
C001759,pensioner,25-35,Bengaluru,home,14835,5,43046,5
C001760,salaried_stable,25-35,Bengaluru,home,12164,5,146062,1
C001761,salaried_stable,25-35,Hyderabad,personal,15904,5,37546,2
C001762,salaried_stable,25-35,Chennai,credit_card,12503,5,135276,3
C001763,salaried_stable,25-35,Kolkata,home,12822,5,108261,1
C001764,salaried_stable,35-45,Bengaluru,credit_card,22308,5,87829,1
C001765,salaried_stable,45-55,Hyderabad,home,32482,5,77732,2
C001766,pensioner,35-45,Kolkata,home,29930,5,41231,4
C001767,salaried_stable,35-45,Bengaluru,home,38593,5,126219,4
C001768,salaried_stable,35-45,Delhi,credit_card,17507,5,117354,1
C001769,sme_owner,45-55,Kolkata,credit_card,22237,5,142477,1
C001770,salaried_stressed,35-45,Delhi,personal,18310,5,117650,4
C001771,gig_worker,25-35,Mumbai,credit_card,6471,5,144844,2
C001772,salaried_stressed,35-45,Chennai,credit_card,18597,5,136416,4
C001773,sme_owner,25-35,Kolkata,personal,14119,5,81071,2
C001774,salaried_stressed,35-45,Mumbai,personal,21755,5,114446,2
C001775,salaried_stressed,55+,Kolkata,credit_card,10531,5,61719,2
C001776,gig_worker,35-45,Hyderabad,credit_card,30957,5,125427,2
C001777,salaried_stable,25-35,Kolkata,home,34496,5,103033,4
C001778,salaried_stable,45-55,Bengaluru,home,38628,5,82839,3
C001779,salaried_stable,25-35,Delhi,credit_card,7969,5,105383,4
C001780,salaried_stable,25-35,Chennai,personal,9117,5,63262,1
C001781,gig_worker,25-35,Mumbai,personal,38826,5,104681,3
C001782,salaried_stable,55+,Kolkata,credit_card,34687,5,86977,3
C001783,salaried_stable,55+,Chennai,personal,25597,5,68613,5
C001784,salaried_stable,45-55,Bengaluru,home,16253,5,147063,3
C001785,sme_owner,45-55,Chennai,home,23120,5,37650,1
C001786,salaried_stable,45-55,Hyderabad,home,23747,5,120923,4
C001787,salaried_stressed,45-55,Chennai,personal,34657,5,55200,1
C001788,sme_owner,45-55,Kolkata,credit_card,23528,5,56702,5
C001789,salaried_stable,55+,Kolkata,credit_card,5964,5,48530,2
C001790,gig_worker,45-55,Kolkata,personal,29485,5,42289,4
C001791,salaried_stable,25-35,Chennai,home,32200,5,44868,4
C001792,salaried_stable,35-45,Hyderabad,personal,15432,5,129920,3
C001793,salaried_stressed,55+,Delhi,personal,9081,5,141153,3
C001794,pensioner,35-45,Mumbai,credit_card,9977,5,100173,1
C001795,salaried_stable,25-35,Bengaluru,home,34427,5,31661,1
C001796,salaried_stressed,55+,Kolkata,home,20663,5,133739,4
C001797,salaried_stable,45-55,Mumbai,credit_card,23521,5,102222,5
C001798,salaried_stressed,45-55,Chennai,credit_card,38621,5,92504,5
C001799,salaried_stressed,35-45,Delhi,credit_card,7139,5,143696,2
C001800,salaried_stressed,25-35,Bengaluru,credit_card,12207,5,79175,2
C001801,salaried_stressed,35-45,Mumbai,home,34163,5,73206,2
C001802,salaried_stable,35-45,Hyderabad,home,23904,5,123578,4
C001803,salaried_stressed,55+,Hyderabad,personal,5955,5,93251,4
C001804,salaried_stressed,35-45,Hyderabad,credit_card,29601,5,116025,4
C001805,salaried_stressed,25-35,Hyderabad,personal,9842,5,113494,5
C001806,salaried_stable,35-45,Delhi,credit_card,32375,5,130733,2
C001807,salaried_stable,55+,Chennai,credit_card,32923,5,68060,4
C001808,salaried_stable,35-45,Mumbai,personal,33854,5,38643,3
C001809,salaried_stable,35-45,Bengaluru,credit_card,21270,5,87318,5
C001810,salaried_stable,45-55,Chennai,credit_card,14373,5,107706,2
C001811,salaried_stable,45-55,Hyderabad,home,35848,5,128052,1
C001812,gig_worker,35-45,Mumbai,home,24556,5,62046,2
C001813,salaried_stable,55+,Hyderabad,credit_card,27240,5,119442,4
C001814,sme_owner,45-55,Bengaluru,home,9778,5,129863,5
C001815,salaried_stressed,25-35,Kolkata,personal,26823,5,127013,5
C001816,gig_worker,35-45,Chennai,personal,25303,5,126968,1
C001817,salaried_stable,55+,Chennai,credit_card,15228,5,148480,3
C001818,salaried_stable,35-45,Hyderabad,home,31839,5,109337,1
C001819,salaried_stressed,45-55,Hyderabad,personal,9678,5,74439,2
C001820,pensioner,45-55,Mumbai,credit_card,30178,5,82377,5
C001821,salaried_stable,45-55,Chennai,personal,38641,5,119650,5
C001822,salaried_stressed,55+,Mumbai,personal,24853,5,58384,1
C001823,salaried_stressed,25-35,Bengaluru,home,8667,5,102334,1
C001824,gig_worker,45-55,Hyderabad,personal,24365,5,98727,4
C001825,salaried_stable,45-55,Kolkata,home,23515,5,109992,3
C001826,salaried_stressed,25-35,Delhi,credit_card,24326,5,80552,3
C001827,salaried_stable,45-55,Bengaluru,credit_card,14539,5,118784,5
C001828,pensioner,25-35,Chennai,credit_card,26913,5,38571,5
C001829,salaried_stable,35-45,Bengaluru,personal,14244,5,119967,5
C001830,salaried_stable,35-45,Delhi,personal,24525,5,127426,4
C001831,pensioner,25-35,Delhi,credit_card,25810,5,136289,5
C001832,salaried_stable,55+,Bengaluru,home,27605,5,140734,4
C001833,salaried_stable,25-35,Chennai,credit_card,32927,5,71918,5
C001834,salaried_stable,35-45,Kolkata,personal,35888,5,35566,3
C001835,salaried_stable,55+,Chennai,credit_card,32201,5,108417,1
C001836,salaried_stable,55+,Bengaluru,home,32855,5,40826,5
C001837,salaried_stable,25-35,Chennai,credit_card,35408,5,63634,5
C001838,gig_worker,35-45,Hyderabad,personal,13486,5,114297,2
C001839,gig_worker,45-55,Bengaluru,home,15251,5,101348,3
C001840,salaried_stable,55+,Bengaluru,credit_card,23656,5,102797,3
C001841,salaried_stressed,55+,Delhi,home,21301,5,120141,4
C001842,salaried_stable,45-55,Kolkata,home,29574,5,49766,4
C001843,pensioner,25-35,Kolkata,personal,5326,5,124920,2
C001844,salaried_stable,55+,Delhi,credit_card,9864,5,100384,5
C001845,salaried_stressed,25-35,Bengaluru,personal,31140,5,80414,5
C001846,salaried_stable,25-35,Delhi,home,33768,5,85639,5
C001847,salaried_stressed,45-55,Kolkata,credit_card,15582,5,91046,3
C001848,salaried_stable,45-55,Mumbai,home,15882,5,96043,1
C001849,gig_worker,25-35,Delhi,home,24652,5,70061,5
C001850,salaried_stable,25-35,Delhi,personal,21699,5,56764,1
C001851,pensioner,45-55,Chennai,home,10925,5,50284,1
C001852,salaried_stressed,35-45,Delhi,credit_card,22516,5,70884,2
C001853,gig_worker,45-55,Chennai,personal,33678,5,61262,1
C001854,sme_owner,35-45,Hyderabad,home,30534,5,91936,4
C001855,pensioner,45-55,Hyderabad,home,33604,5,139456,3
C001856,salaried_stable,35-45,Mumbai,personal,27533,5,42971,2
C001857,salaried_stable,35-45,Mumbai,credit_card,35710,5,67076,1
C001858,salaried_stable,35-45,Mumbai,home,13743,5,35898,2
C001859,salaried_stable,45-55,Kolkata,personal,6607,5,146971,4
C001860,salaried_stressed,45-55,Chennai,home,8991,5,114091,4
C001861,pensioner,45-55,Chennai,credit_card,39736,5,58977,2
C001862,pensioner,45-55,Hyderabad,credit_card,27418,5,79709,1
C001863,salaried_stressed,25-35,Chennai,home,13672,5,116768,3
C001864,salaried_stressed,55+,Delhi,home,34893,5,144926,4
C001865,sme_owner,45-55,Chennai,credit_card,15830,5,98868,1
C001866,pensioner,45-55,Hyderabad,personal,25904,5,62509,4
C001867,salaried_stable,55+,Mumbai,personal,13726,5,113624,1
C001868,salaried_stressed,55+,Chennai,home,8321,5,112289,2
C001869,sme_owner,45-55,Bengaluru,home,14363,5,107274,4
C001870,salaried_stable,55+,Mumbai,home,12986,5,35516,1
C001871,salaried_stable,35-45,Delhi,personal,24343,5,114809,2
C001872,pensioner,45-55,Bengaluru,credit_card,5724,5,32354,1
C001873,pensioner,35-45,Bengaluru,home,13393,5,138665,2
C001874,pensioner,45-55,Delhi,credit_card,24871,5,135835,4
C001875,gig_worker,25-35,Chennai,credit_card,18781,5,97616,2
C001876,salaried_stable,55+,Bengaluru,credit_card,27257,5,107527,1
C001877,salaried_stable,25-35,Bengaluru,home,27946,5,38141,2
C001878,salaried_stressed,45-55,Hyderabad,home,38788,5,134931,1
C001879,salaried_stressed,25-35,Mumbai,personal,34260,5,62499,4
C001880,salaried_stressed,25-35,Bengaluru,home,12987,5,61452,5
C001881,salaried_stressed,55+,Mumbai,credit_card,29245,5,114986,1
C001882,salaried_stable,55+,Kolkata,home,26953,5,142666,4
C001883,gig_worker,25-35,Delhi,personal,25801,5,89288,2
C001884,salaried_stable,25-35,Hyderabad,personal,32964,5,90901,1
C001885,salaried_stable,55+,Delhi,home,10170,5,95826,4
C001886,salaried_stable,55+,Delhi,home,18131,5,64936,2
C001887,salaried_stable,25-35,Chennai,credit_card,33564,5,101589,3
C001888,sme_owner,45-55,Hyderabad,credit_card,36225,5,145318,3
C001889,salaried_stable,35-45,Delhi,home,6304,5,75915,3
C001890,salaried_stable,45-55,Delhi,home,21501,5,122770,1
C001891,gig_worker,35-45,Kolkata,credit_card,14246,5,122867,2
C001892,salaried_stressed,25-35,Delhi,personal,10878,5,132099,4
C001893,salaried_stable,35-45,Delhi,home,6997,5,116824,5
C001894,salaried_stable,45-55,Hyderabad,home,23831,5,140573,1
C001895,salaried_stable,55+,Mumbai,credit_card,28360,5,115715,3
C001896,salaried_stressed,25-35,Kolkata,credit_card,23594,5,147138,5
C001897,salaried_stable,55+,Kolkata,home,17892,5,115837,2
C001898,salaried_stable,45-55,Kolkata,home,31995,5,130429,3
C001899,salaried_stable,55+,Delhi,credit_card,27821,5,136842,5
C001900,salaried_stressed,55+,Mumbai,home,36794,5,148008,5
C001901,salaried_stable,25-35,Bengaluru,personal,17146,5,101447,4
C001902,sme_owner,25-35,Bengaluru,personal,13363,5,115226,4
C001903,salaried_stable,55+,Kolkata,credit_card,20950,5,146048,4
C001904,salaried_stressed,25-35,Chennai,home,22740,5,75628,2
C001905,salaried_stable,25-35,Kolkata,personal,21028,5,44303,5
C001906,salaried_stable,35-45,Hyderabad,credit_card,34134,5,136113,1
C001907,salaried_stable,55+,Hyderabad,credit_card,6595,5,105835,1
C001908,gig_worker,55+,Mumbai,home,23471,5,81418,4
C001909,sme_owner,45-55,Mumbai,personal,20057,5,116031,5
C001910,salaried_stable,25-35,Mumbai,credit_card,12380,5,33918,5
C001911,salaried_stable,35-45,Chennai,personal,27437,5,87266,4
C001912,pensioner,45-55,Delhi,home,33046,5,61856,2
C001913,salaried_stressed,25-35,Kolkata,credit_card,24111,5,64585,2
C001914,salaried_stable,45-55,Mumbai,home,7973,5,146318,3
C001915,salaried_stable,25-35,Kolkata,personal,7634,5,96004,2
C001916,salaried_stressed,35-45,Hyderabad,personal,19757,5,46851,3
C001917,gig_worker,25-35,Mumbai,home,28381,5,73769,1
C001918,salaried_stressed,45-55,Mumbai,credit_card,15972,5,59118,2
C001919,pensioner,55+,Bengaluru,credit_card,15810,5,139094,5
C001920,salaried_stable,25-35,Bengaluru,personal,35103,5,64952,4
C001921,salaried_stable,55+,Delhi,personal,5505,5,72815,1
C001922,salaried_stable,45-55,Chennai,credit_card,7790,5,70098,2
C001923,salaried_stable,55+,Mumbai,personal,10445,5,51084,2
C001924,salaried_stable,55+,Mumbai,personal,39425,5,123621,2
C001925,salaried_stable,25-35,Hyderabad,home,22414,5,99166,4
C001926,salaried_stable,45-55,Kolkata,home,10540,5,82437,5
C001927,gig_worker,45-55,Delhi,personal,15864,5,77519,4
C001928,salaried_stable,25-35,Kolkata,personal,38929,5,110002,3
C001929,salaried_stable,35-45,Bengaluru,personal,29303,5,41507,1
C001930,salaried_stressed,55+,Bengaluru,home,12829,5,141812,1
C001931,salaried_stressed,45-55,Mumbai,personal,13422,5,97781,5
C001932,gig_worker,35-45,Bengaluru,personal,7623,5,57318,4
C001933,gig_worker,35-45,Bengaluru,home,32047,5,94541,3
C001934,gig_worker,55+,Chennai,personal,9809,5,132246,3
C001935,salaried_stable,35-45,Mumbai,personal,15026,5,50783,5
C001936,salaried_stable,25-35,Delhi,home,17193,5,92861,5
C001937,salaried_stressed,45-55,Bengaluru,personal,26730,5,101716,1
C001938,salaried_stable,55+,Mumbai,home,26221,5,127204,2
C001939,salaried_stable,25-35,Mumbai,home,32972,5,98083,1
C001940,salaried_stable,35-45,Chennai,home,15404,5,118369,2
C001941,salaried_stable,35-45,Kolkata,home,18494,5,122833,4
C001942,salaried_stable,25-35,Chennai,credit_card,18602,5,136935,2
C001943,salaried_stable,45-55,Mumbai,personal,6638,5,73388,1
C001944,sme_owner,35-45,Kolkata,personal,30815,5,114464,3
C001945,pensioner,25-35,Chennai,personal,23740,5,59851,3
C001946,salaried_stable,35-45,Hyderabad,credit_card,21648,5,131315,4
C001947,pensioner,55+,Delhi,credit_card,39839,5,144146,1
C001948,salaried_stable,55+,Chennai,credit_card,11259,5,65305,2
C001949,pensioner,45-55,Mumbai,home,38914,5,97346,4
C001950,pensioner,35-45,Chennai,home,28813,5,128680,4
C001951,salaried_stable,55+,Delhi,home,12735,5,33256,5
C001952,gig_worker,25-35,Kolkata,personal,28748,5,114602,5
C001953,pensioner,45-55,Mumbai,home,31449,5,128485,5
C001954,pensioner,45-55,Chennai,home,17686,5,134547,3
C001955,pensioner,45-55,Mumbai,personal,17073,5,53610,5
C001956,salaried_stressed,25-35,Hyderabad,credit_card,34231,5,120859,3
C001957,salaried_stable,45-55,Bengaluru,credit_card,10609,5,124324,5
C001958,sme_owner,45-55,Kolkata,personal,5466,5,30342,2
C001959,salaried_stressed,55+,Chennai,credit_card,28307,5,114619,3
C001960,salaried_stressed,25-35,Bengaluru,personal,36728,5,105146,4
C001961,salaried_stable,45-55,Mumbai,credit_card,22530,5,146257,2
C001962,salaried_stressed,55+,Chennai,credit_card,9724,5,35161,1
C001963,salaried_stable,35-45,Bengaluru,personal,23873,5,145869,5
C001964,gig_worker,45-55,Mumbai,home,13815,5,98570,3
C001965,salaried_stable,25-35,Chennai,personal,33958,5,62929,5
C001966,gig_worker,45-55,Delhi,credit_card,26423,5,76497,2
C001967,sme_owner,45-55,Delhi,personal,16779,5,121973,5
C001968,salaried_stable,25-35,Mumbai,personal,26859,5,149525,4
C001969,salaried_stressed,25-35,Bengaluru,personal,28348,5,68022,4
C001970,salaried_stable,45-55,Delhi,personal,28755,5,148045,4
C001971,pensioner,25-35,Mumbai,personal,17816,5,105503,2
C001972,gig_worker,35-45,Bengaluru,home,24972,5,53041,5
C001973,salaried_stable,25-35,Delhi,home,6495,5,101729,5
C001974,salaried_stable,55+,Mumbai,home,19124,5,126212,4
C001975,salaried_stable,45-55,Bengaluru,personal,18230,5,36545,5
C001976,salaried_stable,55+,Mumbai,personal,23713,5,39469,5
C001977,pensioner,25-35,Kolkata,credit_card,38251,5,30621,4
C001978,gig_worker,25-35,Bengaluru,personal,38373,5,98444,3
C001979,salaried_stable,45-55,Kolkata,personal,21914,5,36931,5
C001980,sme_owner,45-55,Kolkata,home,27614,5,141852,1
C001981,salaried_stable,55+,Kolkata,personal,8788,5,45353,3
C001982,sme_owner,55+,Chennai,home,21879,5,38593,5
C001983,salaried_stable,55+,Bengaluru,credit_card,29073,5,60918,5
C001984,salaried_stressed,25-35,Hyderabad,personal,28897,5,121582,2
C001985,pensioner,35-45,Mumbai,credit_card,38718,5,138834,1
C001986,salaried_stable,55+,Kolkata,home,21318,5,60120,2
C001987,salaried_stressed,45-55,Delhi,home,36778,5,92235,5
C001988,pensioner,55+,Mumbai,home,39255,5,122851,3
C001989,salaried_stable,45-55,Delhi,home,25018,5,125627,1
C001990,salaried_stable,25-35,Delhi,personal,8201,5,48350,1
C001991,salaried_stressed,35-45,Mumbai,personal,18169,5,130597,2
C001992,salaried_stable,55+,Hyderabad,credit_card,31765,5,134073,2
C001993,salaried_stable,45-55,Mumbai,personal,25323,5,118193,1
C001994,salaried_stable,25-35,Kolkata,credit_card,37771,5,93269,3
C001995,gig_worker,25-35,Bengaluru,home,33557,5,76966,3
C001996,salaried_stable,55+,Hyderabad,credit_card,7212,5,136728,1
C001997,salaried_stable,55+,Bengaluru,home,35143,5,133663,2
C001998,sme_owner,55+,Mumbai,home,17508,5,92186,4
C001999,salaried_stressed,25-35,Delhi,home,33659,5,119045,5
